Age,Attrition,BusinessTravel,DailyRate,Department,DistanceFromHome,Education,EducationField,EmployeeCount,EmployeeNumber,EnvironmentSatisfaction,Gender,HourlyRate,JobInvolvement,JobLevel,JobRole,JobSatisfaction,MaritalStatus,MonthlyIncome,MonthlyRate,NumCompaniesWorked,Over18,OverTime,PercentSalaryHike,PerformanceRating,RelationshipSatisfaction,StandardHours,StockOptionLevel,TotalWorkingYears,TrainingTimesLastYear,WorkLifeBalance,YearsAtCompany,YearsInCurrentRole,YearsSinceLastPromotion,YearsWithCurrManager
41,No,Travel_Rarely,754,Research & Development,1,1,Medical,1,1,2,Male,40,3,4,Research Scientist,4,Divorced,16297,10515,2,Y,Yes,15,3,2,80,3,22,2,3,8,5,1,3
35,Yes,Travel_Frequently,1355,Sales,1,2,Medical,1,2,1,Male,48,3,3,Sales Executive,2,Single,10538,13768,0,Y,Yes,25,4,2,80,1,16,2,3,1,1,0,1
42,Yes,Travel_Rarely,165,Research & Development,4,3,Medical,1,3,4,Male,30,3,4,Research Scientist,2,Married,13322,23330,2,Y,No,19,3,4,80,0,21,3,3,8,8,1,8
50,No,Travel_Rarely,691,Research & Development,7,2,Life Sciences,1,4,2,Female,61,4,5,Manufacturing Director,4,Married,19794,24937,4,Y,No,13,3,3,80,0,30,3,3,3,3,3,3
34,No,Travel_Rarely,333,Sales,15,3,Other,1,5,3,Male,63,3,2,Sales Executive,4,Divorced,5155,23335,4,Y,No,22,4,1,80,1,11,3,3,11,2,1,9
34,Yes,Travel_Rarely,1308,Research & Development,2,4,Medical,1,6,3,Male,46,3,3,Manufacturing Director,1,Married,9375,16491,1,Y,Yes,18,3,2,80,3,15,3,4,0,0,0,0
51,No,Travel_Rarely,420,Sales,5,3,Life Sciences,1,7,3,Female,84,2,5,Sales Representative,4,Divorced,18495,9832,5,Y,Yes,19,3,4,80,0,32,1,2,8,3,0,8
43,No,Non-Travel,930,Research & Development,8,3,Medical,1,8,4,Male,48,3,4,Healthcare Representative,1,Single,14730,18715,1,Y,No,21,4,2,80,0,24,4,3,8,3,0,0
32,No,Travel_Frequently,193,Human Resources,4,3,Marketing,1,9,3,Male,71,3,2,Human Resources,1,Married,4792,5866,2,Y,No,25,4,3,80,3,11,4,3,11,4,0,0
41,Yes,Travel_Rarely,1062,Research & Development,4,3,Life Sciences,1,10,2,Male,88,3,3,Research Scientist,2,Divorced,9123,26213,6,Y,Yes,21,4,3,80,0,20,3,4,9,0,3,0
32,No,Travel_Rarely,165,Research & Development,2,2,Life Sciences,1,11,4,Female,67,2,2,Research Scientist,2,Married,4387,14459,1,Y,No,17,3,4,80,1,13,3,2,12,4,1,1
32,No,Travel_Rarely,945,Research & Development,29,3,Medical,1,12,4,Male,60,3,1,Manufacturing Director,4,Single,2175,21259,2,Y,Yes,23,4,4,80,1,6,3,3,6,2,0,3
39,No,Travel_Rarely,320,Research & Development,5,3,Life Sciences,1,13,1,Male,95,3,3,Laboratory Technician,4,Single,9994,12892,2,Y,No,16,3,3,80,2,19,2,3,8,4,3,2
19,Yes,Travel_Rarely,805,Sales,6,4,Marketing,1,14,1,Male,98,3,1,Sales Executive,4,Married,2830,9181,1,Y,No,23,4,1,80,1,0,1,3,0,0,0,0
21,No,Travel_Rarely,720,Human Resources,1,4,Life Sciences,1,15,1,Female,79,3,1,Human Resources,4,Married,3133,17869,3,Y,No,21,4,4,80,2,1,0,2,1,1,0,1
31,No,Travel_Rarely,348,Research & Development,5,3,Marketing,1,16,2,Female,59,4,2,Research Scientist,3,Single,5160,4078,4,Y,No,16,3,3,80,1,12,5,1,10,1,1,2
27,No,Travel_Rarely,1065,Research & Development,2,3,Life Sciences,1,17,4,Female,64,3,1,Research Scientist,4,Single,2015,13381,2,Y,No,16,3,4,80,0,4,2,3,4,4,0,4
39,No,Travel_Rarely,1115,Sales,1,2,Life Sciences,1,18,3,Male,88,3,3,Sales Representative,4,Married,10096,3146,3,Y,Yes,15,3,3,80,1,16,1,3,9,2,2,1
28,No,Non-Travel,158,Sales,2,4,Technical Degree,1,19,2,Male,46,3,2,Sales Executive,4,Divorced,4597,26136,2,Y,Yes,17,3,3,80,2,8,3,2,8,1,0,0
24,Yes,Travel_Rarely,1170,Research & Development,1,3,Medical,1,20,4,Male,95,2,1,Laboratory Technician,4,Married,3187,7348,1,Y,No,17,3,1,80,0,3,1,3,3,0,1,1
50,No,Travel_Rarely,1211,Research & Development,6,2,Life Sciences,1,21,3,Male,50,3,5,Research Scientist,4,Married,18400,2444,1,Y,No,17,3,4,80,0,31,1,1,23,5,4,1
34,No,Travel_Rarely,1163,Research & Development,3,2,Life Sciences,1,22,2,Male,81,2,2,Manufacturing Director,1,Married,4787,3006,2,Y,No,13,3,2,80,0,13,3,4,3,1,3,3
37,No,Travel_Rarely,283,Sales,18,2,Medical,1,23,4,Male,94,4,3,Sales Executive,4,Married,9583,6539,3,Y,No,21,4,2,80,1,18,3,3,4,4,4,2
23,Yes,Travel_Frequently,265,Research & Development,1,4,Medical,1,24,4,Male,43,3,1,Research Director,4,Married,3204,12809,4,Y,No,16,3,1,80,0,0,3,3,0,0,0,0
31,No,Travel_Rarely,858,Research & Development,1,2,Human Resources,1,25,4,Female,45,2,2,Research Director,4,Divorced,5305,2385,6,Y,Yes,19,3,1,80,1,12,3,3,2,1,1,1
37,No,Travel_Rarely,227,Research & Development,17,3,Human Resources,1,26,3,Male,84,3,3,Laboratory Technician,2,Married,9812,26228,4,Y,No,19,3,1,80,0,18,3,4,16,4,2,1
26,No,Travel_Rarely,1332,Sales,1,3,Medical,1,27,4,Female,38,3,2,Sales Representative,3,Married,6331,17872,3,Y,No,14,3,2,80,0,7,2,3,3,1,1,3
40,No,Travel_Frequently,368,Research & Development,1,3,Medical,1,28,1,Male,37,3,4,Manager,3,Married,14197,17317,1,Y,No,19,3,4,80,0,21,3,3,7,7,3,1
31,No,Travel_Rarely,455,Research & Development,1,4,Medical,1,29,3,Male,63,1,2,Healthcare Representative,2,Single,4576,2561,2,Y,No,12,3,2,80,1,11,2,3,8,1,1,6
34,Yes,Travel_Rarely,1247,Research & Development,13,4,Medical,1,30,4,Male,62,4,3,Healthcare Representative,3,Divorced,9151,5371,5,Y,Yes,18,3,4,80,0,15,2,3,11,11,0,4
31,No,Travel_Rarely,711,Research & Development,12,3,Life Sciences,1,31,2,Male,36,2,2,Research Scientist,2,Married,4137,23839,4,Y,No,12,3,1,80,0,9,2,3,1,1,1,0
53,No,Travel_Rarely,570,Research & Development,3,1,Life Sciences,1,32,4,Male,50,1,5,Manufacturing Director,2,Married,18668,16735,4,Y,No,15,3,3,80,2,34,2,2,2,2,2,2
36,No,Travel_Rarely,902,Research & Development,8,3,Life Sciences,1,33,3,Male,34,2,3,Research Scientist,3,Married,10212,23781,1,Y,No,16,3,3,80,2,14,2,2,4,0,3,4
27,No,Travel_Rarely,234,Research & Development,5,3,Life Sciences,1,34,1,Female,41,3,1,Research Scientist,3,Married,2445,22053,1,Y,Yes,12,3,4,80,2,6,1,3,3,1,0,3
44,No,Travel_Rarely,1113,Research & Development,18,3,Life Sciences,1,35,4,Female,88,2,3,Manager,3,Married,9600,13485,6,Y,Yes,19,3,4,80,1,15,3,3,15,5,0,2
25,Yes,Travel_Frequently,950,Research & Development,1,3,Medical,1,36,1,Male,87,1,1,Laboratory Technician,3,Married,1766,25070,1,Y,Yes,16,3,3,80,2,0,3,2,0,0,0,0
38,No,Travel_Rarely,1121,Sales,13,2,Marketing,1,37,3,Female,66,3,3,Sales Representative,2,Married,9322,22803,2,Y,No,18,3,4,80,1,14,2,3,5,0,1,1
19,Yes,Travel_Rarely,419,Sales,1,3,Medical,1,38,1,Female,74,3,1,Sales Representative,1,Single,2522,3158,2,Y,No,14,3,2,80,3,0,6,3,0,0,0,0
24,No,Travel_Rarely,812,Research & Development,3,2,Life Sciences,1,39,4,Female,54,2,1,Healthcare Representative,1,Married,3185,6982,2,Y,No,13,3,3,80,0,4,3,3,3,1,1,3
38,No,Non-Travel,1250,Sales,1,4,Life Sciences,1,40,2,Female,56,3,3,Manager,1,Divorced,8795,17103,3,Y,No,14,3,1,80,0,16,4,2,12,4,0,9
43,Yes,Travel_Rarely,552,Research & Development,9,3,Medical,1,41,2,Male,80,3,3,Research Scientist,3,Divorced,9526,13749,6,Y,No,11,3,2,80,0,17,3,3,1,1,0,0
38,No,Travel_Frequently,1333,Research & Development,9,4,Life Sciences,1,42,1,Male,71,2,3,Research Scientist,4,Single,10452,15205,5,Y,No,11,3,2,80,2,19,2,3,11,1,2,6
35,No,Travel_Rarely,1425,Research & Development,6,1,Medical,1,43,4,Male,71,3,3,Laboratory Technician,1,Married,9532,20872,1,Y,Yes,18,3,4,80,1,15,6,3,4,1,4,4
34,No,Travel_Rarely,734,Research & Development,9,3,Other,1,44,4,Male,89,2,3,Research Scientist,1,Married,8530,12343,1,Y,No,11,3,3,80,0,15,4,3,0,0,0,0
23,No,Travel_Rarely,243,Sales,8,4,Life Sciences,1,45,4,Male,87,1,1,Sales Executive,4,Married,3567,26756,2,Y,No,15,3,4,80,1,2,3,3,2,0,1,2
30,No,Travel_Rarely,1105,Sales,11,2,Life Sciences,1,46,3,Male,51,3,2,Sales Executive,2,Single,5640,21398,0,Y,Yes,20,4,3,80,1,10,2,3,4,4,0,2
32,No,Non-Travel,960,Sales,2,4,Medical,1,47,3,Female,87,2,2,Sales Representative,4,Married,5721,15744,4,Y,Yes,19,3,1,80,2,11,2,3,10,0,0,5
46,No,Non-Travel,670,Research & Development,4,3,Other,1,48,1,Female,40,2,4,Laboratory Technician,4,Divorced,14253,8952,2,Y,No,13,3,4,80,1,25,4,4,0,0,0,0
40,No,Travel_Rarely,405,Research & Development,1,3,Marketing,1,49,3,Female,35,3,2,Laboratory Technician,2,Divorced,6107,2097,4,Y,No,20,4,4,80,1,13,1,4,8,2,3,0
20,No,Travel_Rarely,758,Research & Development,4,3,Technical Degree,1,50,2,Female,51,4,1,Manufacturing Director,2,Married,2336,8034,0,Y,No,12,3,4,80,0,0,3,3,0,0,0,0
39,No,Non-Travel,745,Research & Development,9,3,Life Sciences,1,51,4,Female,41,3,3,Research Scientist,3,Single,9494,10142,1,Y,Yes,15,3,3,80,1,16,3,2,8,1,1,5
33,No,Travel_Rarely,694,Research & Development,9,3,Human Resources,1,52,4,Male,56,3,3,Research Scientist,1,Married,9378,13234,3,Y,No,22,4,4,80,2,14,2,3,11,4,4,6
30,No,Travel_Rarely,131,Research & Development,9,3,Life Sciences,1,53,3,Male,30,3,2,Healthcare Representative,1,Married,5768,14143,3,Y,No,24,4,4,80,1,10,3,1,1,1,0,0
42,No,Travel_Rarely,1466,Research & Development,2,4,Life Sciences,1,54,1,Male,93,4,4,Manufacturing Director,1,Married,15192,16702,2,Y,Yes,12,3,1,80,1,22,3,1,6,2,0,3
46,No,Travel_Rarely,1334,Research & Development,8,3,Technical Degree,1,55,4,Female,68,3,4,Healthcare Representative,4,Married,15589,20455,5,Y,No,20,4,1,80,0,27,2,3,22,0,0,7
45,No,Travel_Rarely,1368,Sales,3,2,Other,1,56,1,Male,89,3,4,Sales Executive,3,Divorced,15345,11760,2,Y,Yes,11,3,1,80,0,25,3,4,7,7,3,1
29,Yes,Travel_Rarely,796,Human Resources,23,2,Life Sciences,1,57,1,Female,99,3,2,Manager,1,Married,5142,11416,1,Y,No,21,4,2,80,0,8,4,3,7,7,0,2
34,No,Travel_Rarely,259,Sales,3,1,Life Sciences,1,58,2,Male,83,2,2,Sales Executive,3,Married,4631,15317,2,Y,Yes,19,3,3,80,1,13,3,3,10,2,0,6
39,No,Travel_Rarely,247,Research & Development,7,2,Life Sciences,1,59,3,Male,54,3,3,Laboratory Technician,3,Single,10887,16260,1,Y,Yes,21,4,4,80,1,18,3,3,3,3,2,0
45,No,Travel_Rarely,441,Research & Development,11,4,Life Sciences,1,60,4,Female,49,4,4,Manufacturing Director,3,Single,14421,20228,5,Y,No,20,4,3,80,3,25,2,1,9,2,0,7
32,No,Travel_Rarely,967,Research & Development,18,4,Life Sciences,1,61,2,Male,65,3,2,Research Director,2,Married,5447,2095,0,Y,Yes,21,4,4,80,1,13,2,2,13,1,0,1
35,No,Travel_Frequently,193,Sales,4,2,Other,1,62,1,Male,52,3,3,Sales Executive,3,Divorced,10025,11430,1,Y,No,19,3,3,80,0,14,6,1,0,0,0,0
26,Yes,Travel_Rarely,430,Research & Development,3,4,Medical,1,63,3,Male,30,3,2,Manufacturing Director,4,Single,5892,10434,2,Y,Yes,11,3,2,80,0,7,3,3,7,2,0,1
25,No,Travel_Rarely,273,Research & Development,4,3,Marketing,1,64,4,Male,56,3,1,Manager,1,Married,3632,22725,5,Y,No,14,3,1,80,2,6,2,2,1,1,1,0
44,Yes,Non-Travel,803,Sales,3,4,Marketing,1,65,2,Female,81,3,4,Sales Representative,2,Married,15217,26210,2,Y,Yes,15,3,3,80,1,25,3,3,4,0,1,0
49,Yes,Non-Travel,1156,Research & Development,8,4,Medical,1,66,2,Male,31,3,5,Laboratory Technician,2,Single,19418,24513,5,Y,No,22,4,3,80,1,30,3,3,14,3,0,4
36,No,Travel_Rarely,722,Research & Development,21,4,Marketing,1,67,4,Male,50,3,3,Manufacturing Director,2,Divorced,10858,12639,2,Y,No,12,3,4,80,1,17,2,2,13,9,0,0
46,Yes,Travel_Rarely,373,Research & Development,1,1,Medical,1,68,4,Male,38,3,4,Laboratory Technician,2,Single,15260,4137,3,Y,Yes,21,4,2,80,0,27,4,2,17,1,3,10
40,No,Travel_Frequently,1220,Research & Development,6,2,Life Sciences,1,69,4,Female,77,3,4,Research Scientist,4,Divorced,14660,3796,1,Y,No,19,3,4,80,0,21,1,3,21,0,1,2
31,Yes,Travel_Frequently,1090,Research & Development,18,1,Medical,1,70,4,Male,68,3,2,Manufacturing Director,4,Single,4969,8041,0,Y,Yes,19,3,2,80,0,10,3,4,4,4,2,2
40,No,Non-Travel,178,Research & Development,1,4,Medical,1,71,1,Female,71,2,4,Research Director,2,Married,14517,13215,0,Y,No,19,3,3,80,0,21,3,3,8,1,1,2
50,No,Travel_Frequently,252,Research & Development,5,3,Marketing,1,72,2,Female,74,3,5,Research Director,3,Married,19323,14856,2,Y,No,18,3,3,80,1,30,2,3,3,0,0,3
36,No,Travel_Rarely,243,Research & Development,16,4,Other,1,73,2,Male,31,3,2,Laboratory Technician,3,Married,5838,3481,2,Y,No,16,3,1,80,1,11,4,3,3,2,3,2
51,No,Travel_Rarely,332,Sales,18,3,Life Sciences,1,74,2,Female,96,2,5,Sales Executive,3,Single,19027,15476,4,Y,No,11,3,1,80,3,29,3,3,4,2,1,0
18,No,Travel_Rarely,1055,Research & Development,5,4,Marketing,1,75,4,Female,72,3,1,Research Scientist,3,Divorced,1827,17207,1,Y,No,24,4,1,80,2,0,3,4,0,0,0,0
44,No,Travel_Rarely,229,Research & Development,1,2,Life Sciences,1,76,4,Male,47,2,3,Manager,1,Married,10412,18169,3,Y,Yes,20,4,2,80,1,19,2,3,5,4,1,2
37,No,Travel_Rarely,961,Research & Development,1,2,Marketing,1,77,4,Male,68,1,3,Manager,3,Single,8734,24304,2,Y,Yes,15,3,4,80,1,18,5,3,13,2,0,0
34,No,Travel_Rarely,797,Sales,7,3,Life Sciences,1,78,1,Female,35,3,3,Sales Executive,3,Married,8872,12282,0,Y,No,18,3,1,80,1,15,2,3,10,3,0,3
37,No,Travel_Rarely,598,Research & Development,1,3,Life Sciences,1,79,4,Female,71,3,1,Healthcare Representative,4,Married,2692,17224,1,Y,No,22,4,3,80,0,6,3,3,0,0,0,0
18,No,Travel_Frequently,1405,Research & Development,1,3,Life Sciences,1,80,4,Male,81,3,1,Manufacturing Director,4,Married,2951,18419,0,Y,No,24,4,2,80,3,0,5,3,0,0,0,0
34,No,Travel_Rarely,911,Sales,11,4,Medical,1,81,1,Male,56,3,3,Sales Executive,1,Married,10053,15944,3,Y,No,14,3,4,80,1,14,1,1,4,1,0,4
40,Yes,Travel_Rarely,232,Sales,11,1,Life Sciences,1,82,4,Female,44,3,3,Sales Executive,1,Married,9760,6556,0,Y,No,18,3,4,80,2,19,1,3,4,4,1,4
50,No,Travel_Rarely,370,Research & Development,14,3,Technical Degree,1,83,2,Female,48,3,5,Laboratory Technician,4,Married,19999,4130,1,Y,No,16,3,4,80,3,29,6,4,13,13,3,4
32,No,Travel_Rarely,719,Sales,1,4,Life Sciences,1,84,1,Female,91,3,2,Sales Executive,3,Married,5239,24883,4,Y,No,11,3,3,80,1,13,6,3,6,0,0,2
29,No,Travel_Frequently,1063,Research & Development,1,1,Other,1,85,3,Male,93,3,2,Manufacturing Director,4,Married,5820,25267,3,Y,No,11,3,2,80,0,10,3,2,10,0,2,10
32,Yes,Travel_Rarely,1385,Research & Development,14,4,Medical,1,86,3,Female,80,2,2,Laboratory Technician,1,Single,5672,8213,5,Y,No,13,3,4,80,1,12,3,3,9,2,2,1
45,No,Non-Travel,1176,Research & Development,10,5,Life Sciences,1,87,1,Male,76,3,3,Manager,3,Married,9024,19015,1,Y,Yes,11,3,1,80,1,20,3,2,6,0,2,3
39,No,Travel_Rarely,1258,Research & Development,13,1,Life Sciences,1,88,2,Male,86,3,3,Research Scientist,3,Divorced,9698,11076,4,Y,Yes,14,3,2,80,1,20,2,2,10,4,2,1
32,No,Travel_Rarely,910,Sales,29,2,Marketing,1,89,4,Female,49,3,2,Sales Executive,4,Married,6473,8957,3,Y,No,13,3,1,80,0,10,2,3,0,0,0,0
41,No,Travel_Rarely,1130,Research & Development,15,3,Medical,1,90,3,Female,49,1,4,Manufacturing Director,1,Married,14997,20426,5,Y,Yes,17,3,3,80,1,22,2,3,0,0,0,0
37,No,Travel_Rarely,749,Research & Development,5,4,Medical,1,91,4,Male,93,3,3,Manufacturing Director,2,Married,9395,16083,2,Y,No,21,4,3,80,2,17,0,3,0,0,0,0
45,No,Travel_Frequently,839,Sales,2,3,Life Sciences,1,92,2,Male,67,3,4,Sales Executive,3,Married,15402,7272,0,Y,No,19,3,3,80,3,24,2,3,4,4,4,4
30,No,Travel_Rarely,603,Sales,6,3,Medical,1,93,1,Female,67,3,2,Sales Executive,4,Divorced,4918,23582,6,Y,No,25,4,3,80,0,9,3,3,2,2,0,2
33,No,Travel_Frequently,1309,Research & Development,8,4,Human Resources,1,94,2,Male,94,3,3,Research Scientist,4,Married,9323,22621,2,Y,No,17,3,1,80,2,14,3,3,14,1,0,1
33,No,Travel_Rarely,510,Research & Development,3,2,Life Sciences,1,95,2,Female,34,3,2,Manufacturing Director,4,Divorced,4910,15041,3,Y,No,21,4,4,80,0,13,3,3,6,6,0,3
23,Yes,Travel_Frequently,1216,Research & Development,11,4,Medical,1,96,2,Female,93,3,1,Manufacturing Director,4,Divorced,3659,13535,2,Y,No,15,3,3,80,2,2,4,2,2,2,2,2
39,No,Travel_Rarely,921,Sales,1,4,Life Sciences,1,97,1,Male,56,3,3,Sales Executive,1,Single,9718,21326,4,Y,No,11,3,3,80,0,20,2,3,2,2,0,0
39,No,Travel_Frequently,1004,Sales,12,3,Marketing,1,98,3,Female,49,3,3,Sales Executive,1,Single,9003,26783,1,Y,No,15,3,3,80,3,20,2,3,3,2,3,0
36,No,Travel_Rarely,290,Sales,1,4,Marketing,1,99,2,Female,89,4,3,Sales Executive,1,Single,8892,20821,3,Y,No,11,3,2,80,1,15,3,3,3,0,2,3
34,Yes,Travel_Rarely,1082,Research & Development,5,4,Life Sciences,1,100,4,Female,69,3,3,Manufacturing Director,2,Married,11124,23011,2,Y,No,16,3,1,80,0,14,2,3,9,3,0,3
23,Yes,Travel_Rarely,916,Research & Development,15,2,Life Sciences,1,101,1,Female,35,2,1,Healthcare Representative,4,Single,2665,18639,3,Y,No,23,4,3,80,0,4,2,3,4,2,2,1
33,No,Non-Travel,484,Research & Development,1,3,Life Sciences,1,102,3,Female,65,2,2,Research Scientist,4,Married,5460,14198,5,Y,No,18,3,2,80,0,13,3,2,5,1,4,5
33,No,Travel_Rarely,951,Research & Development,5,3,Medical,1,103,1,Male,94,3,2,Research Scientist,1,Married,4737,15441,1,Y,No,17,3,2,80,1,8,2,3,7,0,2,2
29,No,Travel_Rarely,1447,Research & Development,1,1,Life Sciences,1,104,3,Male,40,4,2,Healthcare Representative,3,Married,5392,4728,3,Y,No,11,3,4,80,2,10,5,2,10,1,0,1
35,No,Travel_Frequently,591,Sales,18,4,Human Resources,1,105,1,Female,78,2,3,Sales Executive,4,Single,10675,7195,2,Y,No,18,3,3,80,1,14,3,2,0,0,0,0
40,No,Travel_Rarely,1258,Research & Development,14,2,Medical,1,106,4,Male,57,2,4,Manufacturing Director,3,Divorced,14908,24244,6,Y,No,22,4,3,80,2,21,2,3,11,0,3,2
54,Yes,Travel_Rarely,527,Research & Development,21,4,Life Sciences,1,107,4,Male,51,3,5,Healthcare Representative,1,Married,19375,19987,4,Y,No,24,4,3,80,1,35,3,3,6,0,1,6
38,No,Travel_Rarely,351,Sales,16,3,Technical Degree,1,108,3,Female,76,4,3,Sales Representative,3,Divorced,8956,20797,3,Y,No,24,4,4,80,3,19,3,2,8,8,0,0
39,No,Travel_Rarely,1186,Research & Development,10,1,Medical,1,109,1,Female,95,2,3,Manager,2,Married,11013,24583,2,Y,No,24,4,1,80,1,19,3,4,3,3,1,0
36,No,Non-Travel,1121,Sales,1,4,Medical,1,110,3,Male,54,3,2,Sales Executive,3,Married,5361,10765,3,Y,No,19,3,4,80,0,13,4,4,4,0,4,4
19,No,Travel_Frequently,1348,Research & Development,2,4,Life Sciences,1,111,4,Female,96,3,1,Laboratory Technician,3,Married,2552,15338,5,Y,No,22,4,3,80,1,0,3,3,0,0,0,0
36,No,Travel_Rarely,785,Research & Development,5,3,Life Sciences,1,112,1,Female,61,3,3,Laboratory Technician,1,Married,9621,14540,3,Y,No,20,4,1,80,0,15,1,3,15,0,0,3
37,No,Non-Travel,420,Research & Development,7,2,Other,1,113,3,Male,46,3,3,Research Scientist,4,Married,9493,6093,2,Y,No,24,4,2,80,3,17,1,3,5,5,4,0
59,No,Travel_Rarely,1121,Research & Development,12,2,Medical,1,114,4,Female,69,2,5,Manufacturing Director,3,Single,18824,12122,2,Y,Yes,12,3,3,80,0,40,3,3,40,6,0,3
35,No,Travel_Rarely,326,Sales,2,3,Life Sciences,1,115,4,Male,59,1,3,Sales Executive,3,Divorced,8331,26873,3,Y,No,11,3,3,80,0,15,2,3,5,4,5,1
39,No,Travel_Rarely,524,Research & Development,1,2,Medical,1,116,4,Male,88,2,3,Research Director,4,Married,9741,18470,1,Y,No,16,3,2,80,0,17,3,4,1,1,0,0
36,No,Travel_Rarely,1009,Research & Development,5,3,Technical Degree,1,117,4,Male,57,2,2,Manufacturing Director,1,Single,5116,21827,4,Y,No,22,4,3,80,1,13,4,4,5,0,1,3
26,Yes,Travel_Rarely,1316,Research & Development,1,4,Life Sciences,1,118,4,Male,76,2,1,Manufacturing Director,1,Divorced,3093,13500,2,Y,No,14,3,3,80,0,3,3,4,0,0,0,0
47,No,Non-Travel,180,Research & Development,9,3,Medical,1,119,3,Male,52,2,4,Laboratory Technician,4,Single,14986,6305,2,Y,No,24,4,3,80,3,27,2,2,18,0,5,4
43,Yes,Travel_Frequently,956,Sales,6,4,Other,1,120,3,Female,86,3,4,Sales Executive,2,Single,14837,18869,4,Y,No,17,3,4,80,0,21,3,2,13,1,3,4
44,No,Travel_Rarely,1105,Research & Development,10,3,Life Sciences,1,121,4,Female,30,2,4,Research Scientist,4,Married,15295,13700,2,Y,Yes,13,3,4,80,0,25,2,3,10,10,5,2
28,No,Travel_Rarely,466,Sales,1,3,Medical,1,122,4,Male,58,4,1,Sales Executive,2,Divorced,1832,13730,2,Y,No,13,3,3,80,0,6,3,3,6,3,2,2
49,No,Travel_Frequently,123,Human Resources,26,4,Medical,1,123,4,Female,79,3,4,Human Resources,1,Single,15386,10045,3,Y,No,24,4,4,80,0,23,3,3,6,6,0,4
24,No,Non-Travel,649,Research & Development,1,3,Medical,1,124,1,Male,93,3,1,Manufacturing Director,3,Married,1682,25309,1,Y,Yes,18,3,1,80,0,5,3,3,5,0,0,4
42,Yes,Travel_Frequently,431,Sales,3,4,Life Sciences,1,125,2,Male,66,2,4,Sales Representative,1,Married,15972,21251,0,Y,No,17,3,1,80,0,22,2,3,2,2,1,2
56,No,Travel_Rarely,1281,Research & Development,9,2,Life Sciences,1,126,2,Female,90,2,5,Research Director,4,Divorced,19510,20894,5,Y,No,15,3,2,80,0,35,4,3,11,0,2,3
27,No,Travel_Frequently,157,Research & Development,1,2,Medical,1,127,2,Male,36,3,1,Manufacturing Director,3,Married,2244,3332,4,Y,No,13,3,3,80,0,5,3,3,5,4,5,0
31,No,Travel_Rarely,1373,Research & Development,1,4,Life Sciences,1,128,2,Male,93,3,2,Research Scientist,4,Divorced,5596,25190,2,Y,Yes,11,3,3,80,0,12,1,3,12,0,1,0
37,No,Travel_Rarely,1026,Sales,1,3,Medical,1,129,4,Female,47,3,2,Sales Representative,4,Married,5266,2834,4,Y,No,21,4,3,80,1,10,5,1,10,0,2,1
32,No,Travel_Rarely,362,Human Resources,6,4,Life Sciences,1,130,1,Male,58,3,2,Manager,1,Divorced,4594,24948,3,Y,No,13,3,1,80,1,11,3,1,11,1,7,10
22,No,Travel_Rarely,536,Research & Development,18,4,Life Sciences,1,131,4,Female,89,3,1,Research Scientist,4,Married,1586,14418,2,Y,No,25,4,1,80,0,3,3,3,3,3,0,3
37,Yes,Travel_Rarely,639,Sales,6,1,Other,1,132,3,Male,83,3,3,Sales Executive,3,Single,9989,13129,1,Y,No,19,3,4,80,0,18,2,3,1,0,1,1
27,No,Travel_Rarely,636,Research & Development,7,3,Medical,1,133,2,Male,50,3,1,Research Scientist,3,Divorced,2323,11821,1,Y,No,11,3,4,80,1,5,6,3,5,5,1,1
41,No,Travel_Rarely,482,Research & Development,3,3,Other,1,134,2,Male,50,3,4,Healthcare Representative,4,Married,15956,25969,1,Y,No,25,4,3,80,0,22,3,1,9,0,3,0
28,No,Travel_Frequently,204,Research & Development,1,3,Life Sciences,1,135,3,Male,87,4,2,Manager,3,Single,5208,2462,4,Y,No,15,3,3,80,1,9,3,2,9,0,0,9
51,No,Travel_Rarely,130,Human Resources,1,4,Medical,1,136,4,Male,78,3,5,Human Resources,3,Married,18680,12557,3,Y,No,14,3,3,80,3,30,3,3,0,0,0,0
29,No,Travel_Rarely,1182,Research & Development,17,2,Life Sciences,1,137,4,Male,65,1,2,Research Director,3,Married,6278,7003,3,Y,Yes,21,4,2,80,0,8,2,3,5,5,0,0
33,No,Travel_Rarely,1187,Research & Development,1,3,Marketing,1,138,4,Female,46,3,2,Manufacturing Director,2,Married,5545,7313,1,Y,No,24,4,3,80,0,12,2,4,2,0,2,2
44,No,Non-Travel,1056,Research & Development,29,4,Marketing,1,139,4,Female,82,3,4,Manager,1,Single,13106,11384,3,Y,Yes,16,3,3,80,0,24,2,3,16,0,3,2
25,No,Travel_Rarely,1173,Research & Development,1,2,Life Sciences,1,140,3,Male,44,3,1,Laboratory Technician,3,Married,2508,9698,2,Y,Yes,12,3,3,80,1,3,2,3,1,1,0,1
38,Yes,Travel_Rarely,1492,Research & Development,8,4,Technical Degree,1,141,4,Male,69,3,2,Healthcare Representative,2,Married,4369,17132,6,Y,Yes,14,3,1,80,0,10,3,3,8,1,8,5
48,No,Travel_Rarely,648,Research & Development,23,3,Life Sciences,1,142,4,Male,80,3,5,Research Scientist,1,Married,18620,11677,0,Y,Yes,19,3,4,80,1,29,2,3,2,2,2,2
22,No,Travel_Frequently,428,Sales,3,4,Medical,1,143,4,Female,94,2,1,Sales Executive,1,Single,2713,8300,2,Y,No,24,4,4,80,2,0,3,3,0,0,0,0
38,Yes,Non-Travel,367,Research & Development,10,3,Human Resources,1,144,1,Female,42,2,2,Research Scientist,3,Single,5412,20125,3,Y,Yes,25,4,2,80,0,13,3,4,13,2,0,0
39,No,Travel_Rarely,830,Research & Development,3,1,Technical Degree,1,145,4,Male,67,1,3,Manager,2,Married,9956,12317,2,Y,No,21,4,3,80,0,18,2,3,2,1,1,1
44,No,Travel_Rarely,1301,Research & Development,2,3,Other,1,146,3,Female,55,3,4,Healthcare Representative,4,Married,15946,18387,6,Y,No,15,3,4,80,1,23,2,4,0,0,0,0
25,No,Non-Travel,1169,Sales,1,1,Life Sciences,1,147,4,Male,44,3,1,Sales Representative,2,Divorced,3181,21302,1,Y,No,25,4,1,80,0,6,3,2,0,0,0,0
24,Yes,Travel_Rarely,320,Sales,13,5,Life Sciences,1,148,1,Male,34,3,1,Manager,3,Married,3144,22648,1,Y,Yes,18,3,3,80,0,4,2,3,4,4,1,2
41,No,Travel_Rarely,227,Research & Development,2,1,Life Sciences,1,149,3,Male,31,3,3,Research Scientist,3,Divorced,9920,24387,2,Y,No,12,3,3,80,1,20,2,3,8,3,1,1
39,No,Travel_Rarely,983,Sales,2,4,Medical,1,150,2,Male,94,1,3,Sales Executive,3,Divorced,10572,22259,3,Y,No,22,4,3,80,0,17,3,2,3,3,0,2
39,Yes,Travel_Rarely,420,Research & Development,29,3,Marketing,1,151,2,Male,89,2,1,Research Scientist,2,Single,2610,21606,4,Y,No,21,4,4,80,1,6,3,3,6,1,0,1
40,No,Travel_Rarely,1430,Research & Development,3,3,Life Sciences,1,152,1,Male,85,3,4,Research Scientist,4,Married,15125,11558,1,Y,No,19,3,2,80,0,21,3,2,0,0,0,0
30,No,Travel_Rarely,1325,Research & Development,4,1,Medical,1,153,4,Female,67,3,2,Research Scientist,4,Divorced,4056,4073,3,Y,No,22,4,1,80,1,11,3,3,11,4,0,3
39,No,Travel_Rarely,186,Research & Development,29,3,Life Sciences,1,154,1,Male,86,3,3,Laboratory Technician,4,Single,10433,8706,1,Y,No,17,3,1,80,1,20,4,3,13,4,0,4
39,No,Non-Travel,1166,Research & Development,3,3,Life Sciences,1,155,2,Male,80,3,3,Research Scientist,4,Single,9753,8116,3,Y,No,17,3,1,80,0,17,2,2,17,0,1,0
30,No,Travel_Rarely,824,Sales,3,2,Medical,1,156,1,Male,70,3,2,Sales Executive,3,Married,6960,8175,1,Y,No,12,3,3,80,0,11,6,3,11,4,2,1
53,No,Travel_Frequently,1488,Sales,14,4,Medical,1,157,3,Male,99,2,5,Sales Executive,3,Married,18856,11862,3,Y,Yes,18,3,4,80,0,32,3,3,3,2,2,0
41,No,Travel_Rarely,1394,Sales,2,2,Marketing,1,158,2,Male,81,3,4,Sales Executive,4,Married,15353,9926,2,Y,No,19,3,2,80,2,22,3,3,3,3,3,0
26,Yes,Travel_Rarely,463,Research & Development,2,3,Life Sciences,1,159,2,Male,30,3,1,Manager,4,Single,3127,19733,4,Y,Yes,20,4,3,80,1,6,3,3,6,6,0,1
42,No,Travel_Rarely,468,Research & Development,4,3,Marketing,1,160,3,Male,47,3,4,Healthcare Representative,4,Single,14638,2393,2,Y,No,21,4,3,80,0,23,3,4,1,1,1,0
28,No,Non-Travel,1306,Research & Development,9,1,Life Sciences,1,161,3,Male,56,3,1,Manager,4,Married,3015,26287,2,Y,No,22,4,2,80,1,4,6,3,2,0,2,2
44,Yes,Travel_Frequently,1356,Research & Development,1,4,Life Sciences,1,162,1,Male,71,2,4,Laboratory Technician,4,Single,15320,22999,4,Y,No,15,3,3,80,1,23,2,3,0,0,0,0
47,No,Travel_Rarely,1089,Research & Development,3,3,Medical,1,163,1,Male,35,2,4,Research Scientist,2,Married,15117,21520,3,Y,No,25,4,3,80,3,21,2,2,4,4,2,0
29,No,Travel_Frequently,1195,Research & Development,3,1,Technical Degree,1,164,2,Female,53,3,2,Healthcare Representative,4,Single,5903,16590,1,Y,No,13,3,3,80,0,8,2,4,6,1,0,6
45,No,Travel_Rarely,689,Sales,2,3,Life Sciences,1,165,4,Female,74,3,4,Sales Executive,4,Divorced,14757,16323,2,Y,No,24,4,2,80,2,26,2,2,1,1,1,0
40,No,Non-Travel,1064,Research & Development,8,3,Life Sciences,1,166,3,Male,36,3,4,Research Scientist,4,Married,15464,19758,4,Y,No,13,3,3,80,1,21,3,3,0,0,0,0
44,No,Travel_Frequently,590,Research & Development,2,3,Medical,1,167,3,Male,45,2,3,Research Scientist,2,Married,10672,15122,1,Y,No,23,4,4,80,2,14,0,3,9,1,3,4
54,No,Non-Travel,1359,Sales,7,3,Life Sciences,1,168,2,Male,87,3,5,Sales Executive,4,Married,18676,6683,3,Y,Yes,23,4,3,80,0,32,4,2,0,0,0,0
34,No,Travel_Rarely,932,Research & Development,5,1,Marketing,1,169,3,Male,86,2,3,Research Scientist,4,Single,9621,10227,1,Y,No,16,3,2,80,0,15,3,3,15,1,0,0
30,No,Travel_Rarely,767,Research & Development,1,2,Marketing,1,170,1,Male,71,2,2,Laboratory Technician,2,Single,6607,8726,2,Y,No,24,4,3,80,2,8,2,2,1,1,1,1
28,No,Travel_Rarely,1419,Research & Development,2,4,Life Sciences,1,171,1,Male,43,2,2,Manufacturing Director,3,Divorced,5484,17553,6,Y,Yes,11,3,1,80,1,8,2,3,8,8,1,0
29,No,Travel_Rarely,1473,Research & Development,1,1,Medical,1,172,3,Male,85,3,2,Research Scientist,3,Married,4896,21262,2,Y,No,20,4,3,80,0,10,2,3,4,4,1,2
36,Yes,Travel_Rarely,1224,Sales,1,4,Marketing,1,173,3,Female,41,3,3,Sales Executive,4,Divorced,10281,9492,0,Y,Yes,21,4,2,80,1,17,5,3,0,0,0,0
40,No,Travel_Rarely,977,Research & Development,7,1,Life Sciences,1,174,1,Male,44,3,3,Healthcare Representative,3,Married,9459,25186,3,Y,No,19,3,1,80,0,17,3,3,4,4,2,4
39,No,Travel_Rarely,462,Research & Development,8,4,Medical,1,175,3,Male,37,1,3,Research Scientist,2,Single,8861,25651,4,Y,No,16,3,3,80,0,20,2,3,5,4,1,5
44,No,Travel_Rarely,459,Sales,1,3,Life Sciences,1,176,4,Male,87,2,4,Sales Executive,2,Married,16123,14471,3,Y,No,19,3,1,80,0,25,1,3,15,4,1,3
37,No,Travel_Rarely,1255,Sales,7,3,Medical,1,177,3,Female,82,2,3,Sales Representative,3,Divorced,9138,22637,3,Y,Yes,13,3,3,80,0,18,2,3,10,0,0,8
50,No,Travel_Rarely,837,Sales,29,2,Life Sciences,1,178,3,Female,38,3,5,Sales Executive,1,Single,19999,11397,4,Y,Yes,20,4,1,80,1,31,2,3,0,0,0,0
34,Yes,Non-Travel,165,Research & Development,1,1,Marketing,1,179,4,Male,75,2,3,Research Scientist,3,Single,9506,11381,2,Y,Yes,23,4,1,80,0,14,3,3,1,1,1,0
60,No,Travel_Rarely,282,Research & Development,5,2,Life Sciences,1,180,4,Female,36,3,5,Laboratory Technician,4,Divorced,19999,15961,0,Y,No,13,3,4,80,0,40,3,4,2,0,1,2
42,No,Travel_Rarely,688,Human Resources,10,2,Life Sciences,1,181,3,Male,73,2,4,Human Resources,4,Married,14478,4394,2,Y,No,20,4,4,80,2,23,3,3,0,0,0,0
29,No,Travel_Frequently,290,Sales,1,3,Technical Degree,1,182,4,Female,43,2,1,Sales Executive,1,Married,3415,24728,2,Y,No,23,4,2,80,0,4,4,3,4,4,1,0
27,No,Travel_Rarely,1308,Research & Development,12,3,Life Sciences,1,183,1,Female,35,2,2,Healthcare Representative,4,Divorced,5499,26447,3,Y,No,17,3,3,80,1,8,2,3,8,1,3,0
41,No,Travel_Rarely,681,Research & Development,29,3,Life Sciences,1,184,3,Male,64,2,4,Research Scientist,4,Married,15802,17359,2,Y,No,25,4,2,80,2,21,2,3,5,5,1,3
34,No,Travel_Rarely,271,Research & Development,1,4,Life Sciences,1,185,2,Female,99,3,3,Manufacturing Director,1,Married,10380,6085,4,Y,No,17,3,3,80,0,14,3,2,10,0,1,3
43,No,Travel_Rarely,423,Sales,13,3,Life Sciences,1,186,1,Male,90,3,4,Sales Executive,1,Single,15001,18991,3,Y,No,14,3,3,80,0,22,1,3,8,5,2,1
41,No,Non-Travel,1297,Research & Development,3,3,Technical Degree,1,187,3,Male,53,3,3,Research Scientist,1,Single,9014,6325,1,Y,No,21,4,2,80,1,18,2,3,14,0,0,5
36,No,Travel_Rarely,385,Research & Development,1,3,Marketing,1,188,1,Male,31,2,3,Manufacturing Director,4,Married,9769,12962,3,Y,No,25,4,3,80,1,17,3,3,1,1,1,1
29,Yes,Travel_Rarely,467,Research & Development,5,3,Life Sciences,1,189,4,Female,80,2,1,Research Scientist,1,Married,2933,8646,5,Y,Yes,24,4,1,80,1,5,2,3,5,3,2,5
23,Yes,Travel_Rarely,212,Sales,1,3,Medical,1,190,3,Male,60,2,1,Sales Executive,2,Married,2516,10406,5,Y,Yes,18,3,1,80,1,1,3,3,1,1,0,1
32,No,Travel_Rarely,179,Sales,5,4,Medical,1,191,3,Male,56,3,2,Sales Executive,4,Married,5366,11787,3,Y,No,21,4,4,80,3,10,3,3,1,1,1,1
44,No,Travel_Frequently,354,Research & Development,1,2,Technical Degree,1,192,1,Female,60,2,4,Laboratory Technician,3,Divorced,15497,21325,3,Y,Yes,24,4,3,80,0,25,2,4,3,3,2,3
38,No,Travel_Rarely,337,Sales,10,1,Life Sciences,1,193,1,Male,99,3,3,Sales Executive,4,Divorced,9253,3211,5,Y,No,12,3,3,80,1,19,1,3,19,4,7,1
25,Yes,Travel_Rarely,194,Human Resources,5,3,Medical,1,194,3,Male,72,2,1,Manager,4,Single,3036,13277,2,Y,No,11,3,3,80,0,4,2,1,4,4,4,1
38,No,Travel_Rarely,1159,Research & Development,4,2,Medical,1,195,4,Male,81,2,3,Research Scientist,1,Married,9639,11909,2,Y,No,11,3,3,80,0,15,3,4,2,2,0,2
40,No,Travel_Rarely,323,Research & Development,1,4,Medical,1,196,1,Male,43,4,3,Laboratory Technician,4,Divorced,9380,9955,3,Y,No,12,3,3,80,0,19,2,3,6,1,1,0
28,Yes,Travel_Rarely,997,Research & Development,3,4,Medical,1,197,2,Male,88,3,2,Laboratory Technician,2,Single,5672,4332,4,Y,Yes,21,4,2,80,1,9,4,3,4,0,0,1
38,No,Travel_Frequently,1465,Sales,1,1,Life Sciences,1,198,4,Male,49,3,3,Sales Executive,3,Married,9333,8694,3,Y,No,21,4,3,80,1,19,4,2,5,2,0,2
37,No,Travel_Frequently,1062,Research & Development,10,1,Marketing,1,199,1,Female,81,3,3,Manufacturing Director,3,Divorced,9525,16125,2,Y,No,16,3,3,80,0,15,2,2,3,3,3,0
26,No,Non-Travel,1086,Research & Development,1,3,Medical,1,200,4,Female,69,3,1,Manufacturing Director,1,Single,2843,4527,2,Y,No,18,3,3,80,0,4,4,2,2,0,0,0
40,No,Travel_Frequently,944,Sales,7,3,Other,1,201,3,Male,97,2,4,Sales Representative,4,Single,16124,25487,1,Y,No,13,3,4,80,0,21,3,1,8,0,0,2
42,No,Travel_Rarely,353,Research & Development,2,2,Life Sciences,1,202,3,Male,73,3,4,Research Director,3,Single,15415,9260,3,Y,No,22,4,2,80,0,23,2,4,11,0,6,5
46,No,Travel_Rarely,1489,Sales,8,4,Medical,1,203,2,Male,35,2,4,Sales Executive,1,Married,15616,6467,2,Y,No,16,3,3,80,1,26,3,3,16,3,4,7
46,No,Travel_Frequently,243,Research & Development,6,3,Other,1,204,2,Female,86,3,4,Laboratory Technician,4,Married,15121,10240,1,Y,No,18,3,2,80,1,25,3,3,1,1,1,1
24,Yes,Travel_Frequently,412,Research & Development,4,3,Medical,1,205,2,Male,87,3,1,Healthcare Representative,3,Single,2752,3565,5,Y,Yes,19,3,3,80,2,2,1,3,2,0,2,2
28,No,Travel_Frequently,683,Sales,8,1,Technical Degree,1,206,4,Male,59,3,1,Manager,4,Married,2770,11112,1,Y,No,18,3,3,80,1,5,2,3,2,2,2,1
41,No,Travel_Rarely,1437,Sales,4,4,Marketing,1,207,4,Female,81,3,3,Sales Representative,3,Married,9975,19906,2,Y,No,17,3,4,80,1,20,0,3,4,4,0,0
41,No,Travel_Rarely,1404,Research & Development,13,2,Life Sciences,1,208,3,Male,40,3,4,Laboratory Technician,4,Divorced,15122,23352,1,Y,No,14,3,3,80,0,22,2,4,18,1,1,0
41,No,Travel_Frequently,447,Sales,10,4,Medical,1,209,4,Male,76,2,3,Sales Executive,1,Divorced,10603,26401,2,Y,No,13,3,4,80,1,20,2,3,4,3,1,4
60,No,Travel_Frequently,403,Sales,6,3,Life Sciences,1,210,2,Female,34,3,5,Sales Executive,2,Married,18876,17123,1,Y,No,17,3,4,80,1,31,3,4,1,0,0,1
42,No,Non-Travel,608,Research & Development,16,3,Medical,1,211,3,Female,32,1,3,Healthcare Representative,3,Divorced,8775,6400,5,Y,No,11,3,4,80,3,18,2,3,1,1,1,1
47,No,Travel_Rarely,348,Human Resources,14,4,Life Sciences,1,212,3,Male,44,3,4,Human Resources,1,Divorced,16945,15271,3,Y,No,17,3,3,80,3,23,0,2,5,1,1,4
45,No,Travel_Rarely,589,Research & Development,6,4,Marketing,1,213,4,Female,31,4,4,Laboratory Technician,4,Single,15103,5875,1,Y,Yes,16,3,4,80,2,26,2,3,11,11,0,0
42,No,Travel_Rarely,1364,Research & Development,1,3,Medical,1,214,2,Male,31,2,3,Healthcare Representative,3,Married,10587,20795,3,Y,No,13,3,1,80,0,20,4,3,20,17,0,2
34,Yes,Travel_Frequently,1029,Research & Development,6,2,Life Sciences,1,215,3,Female,83,2,2,Laboratory Technician,2,Married,6042,8782,0,Y,Yes,24,4,1,80,0,11,2,4,11,6,0,2
43,No,Travel_Rarely,1474,Sales,3,4,Life Sciences,1,216,4,Male,75,3,4,Sales Representative,1,Married,15867,19484,3,Y,Yes,13,3,3,80,2,22,2,3,16,0,5,2
29,No,Travel_Rarely,892,Sales,6,3,Human Resources,1,217,3,Female,70,3,2,Sales Executive,4,Married,5081,3731,3,Y,No,12,3,4,80,1,10,3,3,10,3,2,3
34,No,Non-Travel,1013,Research & Development,8,2,Life Sciences,1,218,1,Female,98,3,2,Laboratory Technician,4,Married,5372,7205,3,Y,No,11,3,3,80,1,8,3,1,8,0,1,8
32,No,Travel_Rarely,1477,Research & Development,8,4,Life Sciences,1,219,3,Female,59,1,2,Laboratory Technician,3,Married,4435,25927,1,Y,No,21,4,2,80,0,12,3,3,0,0,0,0
37,Yes,Travel_Frequently,255,Research & Development,8,2,Life Sciences,1,220,2,Female,73,4,3,Healthcare Representative,3,Married,10994,14779,4,Y,Yes,15,3,3,80,1,18,1,2,18,6,2,9
58,No,Travel_Rarely,1311,Research & Development,9,1,Other,1,221,3,Male,39,3,5,Research Scientist,2,Divorced,18588,21765,6,Y,No,23,4,3,80,1,39,2,3,3,3,3,0
19,No,Travel_Frequently,1045,Sales,1,1,Other,1,222,4,Male,59,2,1,Sales Executive,3,Married,2647,23918,4,Y,No,17,3,2,80,1,0,2,3,0,0,0,0
43,No,Travel_Rarely,696,Sales,1,3,Medical,1,223,3,Male,78,4,4,Manager,1,Single,15359,4955,0,Y,No,17,3,4,80,2,23,3,2,0,0,0,0
22,No,Non-Travel,163,Research & Development,7,3,Technical Degree,1,224,3,Female,64,3,1,Research Scientist,3,Single,2735,19116,3,Y,No,16,3,4,80,0,3,0,3,3,3,3,1
32,No,Non-Travel,971,Human Resources,4,3,Life Sciences,1,225,3,Female,94,3,2,Human Resources,3,Married,4805,10778,4,Y,No,21,4,4,80,1,10,2,2,10,2,10,2
46,No,Travel_Rarely,1184,Research & Development,11,3,Other,1,226,1,Male,46,3,4,Manufacturing Director,4,Divorced,16136,7819,2,Y,No,25,4,2,80,1,23,3,2,23,2,2,4
37,No,Travel_Rarely,1267,Human Resources,1,3,Life Sciences,1,227,2,Female,60,3,3,Human Resources,2,Single,10370,13943,5,Y,No,20,4,2,80,1,15,2,3,11,4,6,2
27,No,Travel_Rarely,567,Sales,1,3,Life Sciences,1,228,4,Female,99,3,2,Sales Executive,4,Married,5393,20653,2,Y,Yes,16,3,2,80,0,8,3,2,3,3,1,3
30,No,Travel_Rarely,1274,Research & Development,6,1,Life Sciences,1,229,3,Female,81,2,2,Research Scientist,3,Single,4960,24073,5,Y,No,21,4,3,80,1,9,2,3,6,4,4,6
43,No,Travel_Frequently,1299,Research & Development,5,4,Medical,1,230,1,Female,55,4,4,Laboratory Technician,4,Married,15938,3579,0,Y,No,17,3,1,80,1,24,6,1,3,3,3,0
30,No,Travel_Rarely,412,Sales,2,2,Marketing,1,231,2,Male,34,2,2,Sales Executive,3,Single,4921,8675,3,Y,No,25,4,4,80,1,11,6,2,1,1,1,1
38,No,Travel_Rarely,1187,Research & Development,4,5,Life Sciences,1,232,3,Male,43,3,3,Manufacturing Director,2,Married,10742,23021,1,Y,Yes,18,3,2,80,2,18,4,3,2,2,2,2
37,No,Travel_Rarely,1292,Research & Development,1,2,Other,1,233,4,Male,80,3,3,Research Scientist,4,Divorced,9866,7315,2,Y,No,15,3,4,80,0,14,5,3,1,1,1,1
30,No,Travel_Frequently,917,Research & Development,1,4,Medical,1,234,4,Male,44,2,2,Manufacturing Director,1,Married,5937,22226,3,Y,No,11,3,4,80,2,10,2,1,6,4,0,6
56,No,Non-Travel,204,Research & Development,1,2,Life Sciences,1,235,2,Female,41,2,5,Research Scientist,1,Single,19031,18221,0,Y,No,17,3,1,80,0,37,3,3,18,2,0,0
42,No,Travel_Rarely,129,Research & Development,6,1,Medical,1,236,4,Female,75,3,4,Research Scientist,1,Married,15342,7126,1,Y,Yes,12,3,4,80,1,22,2,3,19,0,3,8
18,No,Travel_Rarely,609,Sales,15,4,Medical,1,237,3,Female,93,3,1,Sales Executive,4,Single,3535,8520,0,Y,No,21,4,4,80,0,0,3,3,0,0,0,0
38,Yes,Travel_Rarely,235,Sales,2,4,Marketing,1,238,4,Female,88,3,2,Sales Executive,1,Single,6516,6103,4,Y,No,25,4,3,80,0,12,2,2,0,0,0,0
30,No,Travel_Rarely,160,Research & Development,1,3,Medical,1,239,3,Male,55,3,1,Healthcare Representative,4,Single,3736,17189,4,Y,No,15,3,2,80,1,4,2,3,2,0,1,2
44,No,Travel_Rarely,1215,Sales,9,4,Medical,1,240,1,Male,58,3,4,Sales Executive,3,Single,15826,23801,2,Y,Yes,17,3,3,80,0,25,5,3,2,2,2,2
29,No,Travel_Rarely,171,Research & Development,15,3,Life Sciences,1,241,4,Male,33,3,2,Research Director,1,Married,5553,26755,1,Y,No,17,3,2,80,3,10,2,1,0,0,0,0
35,Yes,Travel_Rarely,286,Sales,1,4,Medical,1,242,1,Male,79,2,3,Manager,3,Divorced,9495,23921,1,Y,No,19,3,3,80,0,16,3,3,3,3,2,0
41,Yes,Travel_Rarely,673,Sales,3,3,Human Resources,1,243,2,Male,54,3,3,Sales Executive,1,Single,9977,8401,2,Y,Yes,15,3,1,80,2,19,3,4,6,3,3,1
44,No,Travel_Rarely,269,Research & Development,1,3,Life Sciences,1,244,4,Male,69,3,4,Research Scientist,3,Divorced,14752,5222,3,Y,Yes,16,3,3,80,1,25,2,3,6,5,2,0
25,No,Travel_Rarely,679,Sales,1,3,Technical Degree,1,245,3,Male,61,3,1,Sales Executive,3,Divorced,3025,6395,0,Y,No,20,4,2,80,1,6,3,3,6,2,4,6
33,Yes,Travel_Rarely,1249,Research & Development,8,3,Medical,1,246,4,Male,66,2,2,Healthcare Representative,3,Married,5464,8121,3,Y,Yes,24,4,1,80,0,13,2,3,3,0,0,1
32,Yes,Travel_Frequently,1338,Research & Development,27,4,Life Sciences,1,247,3,Female,39,4,2,Laboratory Technician,1,Married,4023,17754,3,Y,Yes,22,4,3,80,0,13,5,3,9,9,0,9
30,No,Travel_Frequently,283,Sales,9,2,Other,1,248,2,Male,67,3,2,Sales Executive,3,Married,5223,14339,2,Y,No,21,4,3,80,0,11,6,3,11,2,6,4
53,No,Travel_Rarely,172,Research & Development,29,2,Medical,1,249,4,Male,90,1,5,Laboratory Technician,4,Divorced,19348,23887,2,Y,No,16,3,3,80,1,33,3,3,3,3,2,0
40,Yes,Travel_Rarely,657,Research & Development,4,3,Life Sciences,1,250,1,Male,56,4,4,Healthcare Representative,4,Married,15249,17474,1,Y,Yes,11,3,1,80,1,21,4,3,0,0,0,0
25,No,Travel_Frequently,953,Research & Development,18,3,Life Sciences,1,251,4,Female,36,3,1,Healthcare Representative,4,Single,3014,19424,1,Y,No,20,4,4,80,1,5,1,3,2,0,1,2
45,Yes,Non-Travel,1320,Sales,1,2,Life Sciences,1,252,2,Male,38,2,3,Sales Executive,2,Divorced,8994,21686,0,Y,Yes,17,3,3,80,2,17,2,3,1,1,1,1
56,No,Travel_Rarely,1417,Research & Development,1,3,Marketing,1,253,4,Male,88,2,5,Manufacturing Director,4,Married,18634,5534,4,Y,Yes,25,4,1,80,1,37,2,4,4,4,1,3
46,Yes,Travel_Rarely,1182,Research & Development,9,4,Medical,1,254,1,Female,65,3,4,Research Scientist,2,Single,15920,3639,1,Y,Yes,20,4,3,80,0,26,3,1,1,0,0,0
23,No,Travel_Rarely,784,Sales,3,2,Technical Degree,1,255,3,Male,59,3,1,Sales Executive,1,Married,2800,14938,3,Y,No,25,4,3,80,0,0,2,3,0,0,0,0
32,No,Travel_Rarely,1425,Sales,3,3,Life Sciences,1,256,4,Female,48,2,2,Sales Representative,4,Married,5403,21985,1,Y,Yes,17,3,1,80,2,8,3,4,1,1,1,1
48,No,Travel_Rarely,419,Research & Development,8,4,Life Sciences,1,257,3,Male,70,2,5,Research Scientist,4,Divorced,18772,2123,1,Y,Yes,14,3,3,80,0,28,3,3,10,2,1,6
30,No,Travel_Rarely,1496,Research & Development,3,3,Life Sciences,1,258,4,Male,84,2,2,Research Scientist,3,Married,5211,11757,4,Y,No,14,3,4,80,1,8,2,4,0,0,0,0
40,No,Travel_Rarely,1208,Research & Development,6,4,Medical,1,259,4,Male,35,3,4,Research Scientist,2,Married,13918,19887,3,Y,No,21,4,4,80,0,21,2,3,6,0,6,1
44,Yes,Travel_Rarely,930,Research & Development,2,4,Human Resources,1,260,4,Female,51,2,4,Research Director,2,Divorced,15807,5773,1,Y,Yes,16,3,2,80,0,22,0,1,1,1,1,0
28,No,Travel_Rarely,195,Research & Development,12,3,Medical,1,261,4,Male,99,2,1,Healthcare Representative,3,Married,3884,16858,0,Y,No,13,3,4,80,1,0,3,3,0,0,0,0
36,No,Travel_Rarely,368,Sales,2,3,Life Sciences,1,262,3,Male,53,3,3,Sales Executive,4,Divorced,9160,23625,5,Y,Yes,24,4,2,80,1,16,2,2,15,3,1,15
18,Yes,Travel_Rarely,1286,Research & Development,6,3,Technical Degree,1,263,1,Male,91,3,1,Healthcare Representative,1,Divorced,2235,2219,5,Y,No,24,4,4,80,1,0,2,3,0,0,0,0
27,No,Travel_Rarely,715,Research & Development,1,3,Marketing,1,264,1,Male,71,3,2,Research Scientist,4,Married,5464,7002,5,Y,No,25,4,1,80,1,8,3,3,0,0,0,0
34,No,Travel_Rarely,603,Research & Development,12,4,Life Sciences,1,265,2,Male,51,3,2,Laboratory Technician,2,Married,6084,8736,0,Y,No,20,4,3,80,0,13,2,2,8,5,0,0
25,No,Travel_Frequently,1237,Sales,7,3,Marketing,1,266,1,Female,45,3,1,Sales Executive,4,Single,2798,21736,5,Y,No,16,3,3,80,0,4,2,3,4,1,2,1
51,No,Travel_Rarely,679,Research & Development,1,2,Life Sciences,1,267,3,Female,42,3,5,Research Scientist,4,Married,18362,10939,5,Y,No,21,4,2,80,1,30,3,3,5,5,1,1
23,Yes,Travel_Rarely,733,Human Resources,1,2,Life Sciences,1,268,1,Male,66,4,1,Human Resources,3,Married,2674,26619,3,Y,Yes,21,4,4,80,1,4,3,3,4,3,3,2
32,No,Non-Travel,380,Research & Development,2,1,Life Sciences,1,269,1,Male,81,3,2,Research Director,2,Single,4582,15742,6,Y,No,14,3,3,80,0,12,3,3,12,4,1,4
38,No,Travel_Rarely,855,Research & Development,6,1,Medical,1,270,1,Female,53,2,3,Research Scientist,4,Married,9398,11026,2,Y,Yes,20,4,1,80,1,17,2,3,2,0,2,1
50,No,Travel_Rarely,343,Sales,6,4,Medical,1,271,4,Male,46,3,5,Sales Executive,3,Divorced,18917,20739,2,Y,No,18,3,3,80,1,31,2,2,3,3,3,0
23,No,Travel_Rarely,1347,Research & Development,2,3,Life Sciences,1,272,3,Male,45,3,1,Research Scientist,3,Married,2242,10047,3,Y,No,15,3,3,80,0,4,3,3,3,3,0,1
47,No,Travel_Frequently,884,Sales,9,3,Life Sciences,1,273,2,Male,30,3,5,Sales Executive,3,Married,18633,26960,2,Y,No,23,4,2,80,1,28,0,3,11,6,1,7
37,No,Non-Travel,1063,Research & Development,17,3,Marketing,1,274,4,Female,30,3,3,Research Director,1,Married,9844,13277,4,Y,No,18,3,4,80,1,15,4,4,15,12,2,2
27,Yes,Travel_Frequently,1411,Research & Development,1,4,Human Resources,1,275,1,Female,59,3,1,Laboratory Technician,4,Divorced,2929,12863,4,Y,No,19,3,4,80,0,6,2,1,6,1,0,6
41,No,Travel_Rarely,1086,Sales,4,3,Marketing,1,276,4,Female,53,3,3,Sales Executive,1,Single,8945,13025,1,Y,No,14,3,2,80,1,18,2,3,12,8,0,2
38,No,Travel_Rarely,105,Research & Development,7,4,Life Sciences,1,277,3,Male,75,3,3,Healthcare Representative,4,Divorced,10037,20171,2,Y,No,11,3,3,80,1,19,2,3,19,3,3,1
31,No,Travel_Rarely,421,Sales,7,3,Life Sciences,1,278,1,Male,31,3,1,Sales Executive,2,Married,2570,7981,5,Y,No,20,4,2,80,2,6,4,3,6,0,6,0
37,No,Travel_Rarely,1446,Research & Development,1,4,Life Sciences,1,279,3,Female,44,3,3,Laboratory Technician,4,Married,10232,23122,4,Y,No,17,3,4,80,1,15,3,2,10,4,3,4
33,No,Travel_Rarely,1133,Research & Development,1,4,Life Sciences,1,280,4,Male,58,3,2,Laboratory Technician,2,Married,5668,4915,4,Y,No,23,4,4,80,0,13,2,3,13,5,1,3
37,No,Travel_Rarely,1177,Sales,1,2,Medical,1,281,3,Female,91,4,3,Sales Executive,2,Single,9473,22140,3,Y,No,17,3,2,80,0,18,3,2,0,0,0,0
42,Yes,Travel_Frequently,1125,Research & Development,6,3,Medical,1,282,4,Female,42,2,4,Manager,2,Single,15668,16848,3,Y,Yes,15,3,4,80,2,23,2,2,7,0,1,5
51,No,Travel_Rarely,1267,Research & Development,8,3,Medical,1,283,1,Male,94,2,4,Healthcare Representative,4,Single,14797,18119,3,Y,No,15,3,3,80,2,25,3,3,10,0,1,5
25,No,Travel_Rarely,880,Research & Development,1,2,Medical,1,284,2,Female,74,3,1,Laboratory Technician,3,Married,3594,18312,2,Y,No,11,3,3,80,0,6,2,3,6,2,1,0
56,No,Travel_Rarely,928,Research & Development,3,3,Life Sciences,1,285,1,Male,76,3,5,Healthcare Representative,4,Divorced,18620,13515,3,Y,Yes,25,4,4,80,0,36,2,3,16,0,0,6
19,Yes,Travel_Frequently,381,Research & Development,3,3,Life Sciences,1,286,2,Female,45,4,1,Research Scientist,2,Married,3011,23672,1,Y,No,13,3,3,80,1,0,2,3,0,0,0,0
35,No,Travel_Frequently,1213,Research & Development,13,1,Medical,1,287,2,Male,32,2,2,Research Scientist,4,Divorced,5087,3489,2,Y,No,11,3,3,80,1,12,1,3,12,2,3,2
42,No,Travel_Rarely,1285,Sales,1,4,Life Sciences,1,288,4,Male,99,3,4,Sales Executive,4,Married,14689,21445,4,Y,No,17,3,3,80,0,23,1,3,6,6,2,3
39,No,Travel_Rarely,1086,Sales,6,3,Life Sciences,1,289,1,Female,34,2,3,Sales Executive,1,Single,10340,6055,1,Y,No,15,3,2,80,1,19,2,4,0,0,0,0
31,No,Travel_Rarely,129,Sales,12,4,Life Sciences,1,290,3,Female,55,3,2,Sales Executive,3,Married,4831,4708,3,Y,Yes,22,4,2,80,0,11,2,3,0,0,0,0
35,No,Non-Travel,911,Sales,14,3,Life Sciences,1,291,3,Male,44,2,3,Sales Executive,3,Married,8779,17147,4,Y,No,14,3,4,80,0,15,4,2,6,6,0,2
32,No,Travel_Rarely,373,Sales,8,3,Life Sciences,1,292,4,Male,84,2,2,Sales Representative,2,Single,3470,25348,3,Y,No,24,4,3,80,0,12,3,2,4,4,4,1
31,No,Travel_Rarely,1225,Research & Development,2,3,Marketing,1,293,4,Male,51,1,2,Laboratory Technician,2,Married,4674,20022,2,Y,No,17,3,4,80,1,11,5,3,4,2,4,1
44,No,Travel_Rarely,1329,Sales,13,3,Technical Degree,1,294,4,Male,66,3,4,Sales Executive,3,Married,16125,7319,3,Y,No,19,3,2,80,1,21,2,3,4,2,2,0
40,Yes,Travel_Rarely,291,Sales,10,4,Life Sciences,1,295,4,Male,58,3,3,Sales Executive,2,Single,10554,14187,5,Y,Yes,16,3,3,80,1,17,2,1,17,2,0,0
30,Yes,Travel_Frequently,647,Research & Development,9,2,Life Sciences,1,296,4,Male,55,2,2,Research Scientist,4,Single,4768,16796,3,Y,Yes,24,4,4,80,0,7,3,3,3,1,3,0
45,No,Travel_Rarely,395,Research & Development,1,4,Marketing,1,297,4,Male,99,3,4,Laboratory Technician,4,Divorced,15075,14783,2,Y,No,19,3,2,80,2,26,3,3,15,2,0,1
39,No,Travel_Rarely,949,Research & Development,1,4,Life Sciences,1,298,4,Male,40,2,3,Laboratory Technician,3,Married,9521,10080,4,Y,No,16,3,1,80,0,16,3,3,16,3,1,9
44,No,Travel_Rarely,1469,Research & Development,9,3,Life Sciences,1,299,1,Male,49,4,4,Healthcare Representative,3,Single,14499,23360,1,Y,No,20,4,3,80,1,25,3,2,5,3,0,0
42,Yes,Travel_Rarely,872,Sales,23,4,Life Sciences,1,300,3,Male,99,3,4,Sales Executive,1,Single,14730,16754,4,Y,Yes,19,3,2,80,1,23,3,3,4,4,4,2
29,No,Non-Travel,870,Research & Development,11,3,Life Sciences,1,301,3,Male,62,3,1,Research Scientist,4,Married,3388,14754,2,Y,No,16,3,1,80,0,3,3,4,3,1,1,1
31,Yes,Travel_Rarely,154,Research & Development,14,4,Marketing,1,302,2,Female,59,3,2,Laboratory Technician,2,Single,5502,22911,0,Y,No,24,4,4,80,0,8,3,3,8,5,5,6
43,No,Travel_Frequently,785,Human Resources,6,4,Marketing,1,303,2,Male,79,3,4,Human Resources,3,Married,15463,9128,3,Y,No,19,3,4,80,2,22,5,2,3,3,0,0
42,No,Travel_Frequently,1172,Research & Development,2,1,Life Sciences,1,304,3,Female,63,3,3,Research Scientist,4,Married,8998,11731,3,Y,Yes,23,4,3,80,1,18,5,2,0,0,0,0
36,No,Travel_Rarely,1112,Research & Development,9,4,Life Sciences,1,305,4,Female,34,3,1,Healthcare Representative,3,Married,2860,15674,3,Y,No,24,4,4,80,0,6,2,3,2,2,2,0
37,No,Travel_Rarely,804,Research & Development,9,3,Life Sciences,1,306,1,Female,41,4,3,Research Scientist,4,Married,8417,12254,2,Y,No,13,3,4,80,2,16,0,3,1,1,0,1
48,No,Travel_Rarely,984,Sales,9,3,Life Sciences,1,307,4,Female,81,2,4,Sales Executive,3,Single,15805,19574,5,Y,No,15,3,3,80,0,27,0,3,2,2,2,2
31,No,Travel_Frequently,566,Sales,23,3,Human Resources,1,308,4,Female,80,4,2,Sales Executive,1,Single,5355,3298,2,Y,No,21,4,1,80,0,9,2,4,2,2,1,0
41,No,Travel_Rarely,654,Research & Development,3,2,Medical,1,309,4,Male,50,3,4,Research Scientist,4,Divorced,14492,12206,2,Y,No,15,3,1,80,1,22,1,3,7,4,3,1
35,No,Travel_Rarely,1018,Sales,1,3,Medical,1,310,4,Male,87,3,3,Sales Executive,1,Single,10769,26425,4,Y,No,25,4,1,80,1,16,2,2,16,0,0,0
34,No,Travel_Rarely,1109,Research & Development,19,4,Marketing,1,311,4,Female,93,3,2,Healthcare Representative,4,Married,4122,25797,4,Y,No,23,4,1,80,0,12,1,4,9,9,1,0
46,Yes,Travel_Frequently,295,Sales,1,1,Technical Degree,1,312,3,Male,35,3,4,Sales Executive,1,Divorced,15618,5677,7,Y,Yes,20,4,2,80,0,26,3,1,20,0,2,6
44,No,Travel_Rarely,167,Sales,9,2,Marketing,1,313,2,Female,78,2,4,Sales Representative,4,Divorced,15633,18350,3,Y,No,24,4,2,80,1,25,2,4,11,3,1,2
44,Yes,Travel_Rarely,656,Sales,16,1,Life Sciences,1,314,3,Male,66,2,4,Sales Executive,1,Married,14556,13425,2,Y,Yes,18,3,2,80,1,25,3,3,10,1,0,4
48,No,Travel_Rarely,702,Research & Development,2,3,Life Sciences,1,315,4,Female,39,4,5,Healthcare Representative,3,Single,19077,9633,2,Y,No,25,4,1,80,2,28,1,4,4,2,2,1
37,No,Travel_Rarely,1151,Human Resources,14,4,Medical,1,316,4,Male,95,3,2,Human Resources,3,Divorced,4217,13705,2,Y,No,21,4,3,80,1,10,4,2,3,3,1,3
43,Yes,Travel_Frequently,1224,Sales,3,4,Life Sciences,1,317,4,Male,85,3,4,Sales Executive,3,Single,13592,25618,4,Y,No,23,4,2,80,1,22,3,1,14,10,0,1
34,No,Travel_Rarely,577,Research & Development,12,4,Human Resources,1,318,2,Male,95,3,3,Laboratory Technician,2,Divorced,9159,4132,2,Y,No,23,4,4,80,0,14,2,3,14,2,2,1
39,No,Travel_Frequently,674,Sales,1,3,Medical,1,319,3,Female,74,3,2,Sales Representative,3,Married,4830,26657,2,Y,Yes,21,4,1,80,2,12,5,3,4,4,4,4
35,No,Travel_Rarely,863,Research & Development,8,2,Other,1,320,2,Female,97,1,2,Laboratory Technician,2,Married,5586,24404,4,Y,No,17,3,4,80,0,11,2,3,0,0,0,0
37,No,Travel_Rarely,988,Sales,9,4,Life Sciences,1,321,1,Male,93,3,3,Sales Executive,3,Married,9840,10317,5,Y,No,12,3,4,80,1,17,4,4,12,0,2,3
42,No,Travel_Rarely,931,Research & Development,5,4,Technical Degree,1,322,2,Female,45,3,3,Research Scientist,2,Single,9856,12254,5,Y,Yes,21,4,4,80,2,18,3,3,2,0,2,2
29,No,Travel_Rarely,183,Sales,9,3,Life Sciences,1,323,1,Male,39,2,2,Sales Representative,3,Divorced,4591,21452,3,Y,No,12,3,4,80,1,9,2,3,0,0,0,0
56,No,Travel_Rarely,801,Research & Development,20,3,Human Resources,1,324,4,Male,50,4,5,Laboratory Technician,2,Divorced,18781,13616,3,Y,Yes,17,3,4,80,1,37,1,2,12,0,0,9
27,No,Travel_Rarely,145,Research & Development,10,4,Life Sciences,1,325,2,Male,41,2,2,Healthcare Representative,4,Married,4642,5662,2,Y,No,20,4,2,80,1,8,2,3,5,2,1,0
25,No,Travel_Rarely,925,Research & Development,26,4,Medical,1,326,2,Male,42,3,1,Research Scientist,3,Married,2065,26684,6,Y,No,22,4,4,80,2,4,4,3,4,0,3,1
47,No,Travel_Rarely,711,Research & Development,4,3,Marketing,1,327,4,Male,39,2,4,Laboratory Technician,1,Divorced,14943,13408,4,Y,Yes,20,4,4,80,1,27,3,3,19,2,0,3
44,No,Travel_Rarely,1216,Research & Development,6,4,Medical,1,328,2,Male,42,3,4,Research Scientist,3,Single,15344,10392,6,Y,No,14,3,4,80,1,23,2,4,6,6,4,3
42,No,Non-Travel,1454,Research & Development,2,1,Medical,1,329,1,Female,63,3,4,Manager,4,Married,14956,22271,3,Y,Yes,16,3,2,80,1,21,3,2,5,2,2,0
42,Yes,Travel_Rarely,821,Research & Development,29,3,Human Resources,1,330,2,Female,88,3,4,Manufacturing Director,1,Single,15105,2295,2,Y,Yes,19,3,3,80,0,23,1,2,2,0,0,2
36,Yes,Travel_Rarely,792,Research & Development,1,3,Medical,1,331,1,Male,78,3,3,Research Director,3,Single,10216,10050,5,Y,Yes,20,4,3,80,1,17,1,2,2,1,1,2
28,No,Travel_Rarely,800,Research & Development,3,2,Medical,1,332,1,Male,35,1,2,Research Scientist,3,Single,4899,9479,4,Y,No,21,4,3,80,0,8,5,3,8,2,7,0
37,No,Travel_Frequently,938,Sales,2,1,Life Sciences,1,333,1,Male,41,3,3,Sales Executive,1,Single,8999,8101,3,Y,No,14,3,3,80,1,18,3,3,4,0,0,4
30,No,Travel_Frequently,211,Research & Development,3,2,Technical Degree,1,334,3,Male,58,3,2,Manufacturing Director,4,Married,5538,3888,0,Y,No,25,4,1,80,1,9,2,3,1,1,1,1
45,Yes,Travel_Rarely,320,Sales,19,3,Medical,1,335,1,Male,55,4,4,Sales Executive,2,Divorced,15459,3502,0,Y,Yes,17,3,2,80,0,24,5,2,0,0,0,0
35,Yes,Travel_Frequently,564,Sales,3,4,Life Sciences,1,336,2,Male,97,3,3,Sales Representative,2,Single,9997,3010,3,Y,Yes,19,3,3,80,0,14,2,1,5,0,0,0
29,No,Travel_Rarely,961,Sales,19,5,Life Sciences,1,337,4,Female,45,1,2,Manager,4,Married,5575,22909,2,Y,No,24,4,2,80,0,10,2,2,4,2,0,4
33,No,Travel_Rarely,616,Research & Development,4,3,Medical,1,338,3,Female,82,1,2,Research Director,3,Married,5473,9872,2,Y,No,11,3,1,80,0,12,2,3,8,2,0,0
40,No,Non-Travel,738,Sales,15,3,Life Sciences,1,339,4,Male,48,3,3,Sales Executive,4,Single,9817,11970,4,Y,No,20,4,1,80,0,17,3,2,4,1,0,4
31,No,Travel_Frequently,1382,Research & Development,5,4,Life Sciences,1,340,3,Male,76,3,1,Research Scientist,3,Married,4234,16534,1,Y,Yes,21,4,2,80,2,0,3,2,0,0,0,0
29,No,Travel_Rarely,1318,Research & Development,2,2,Medical,1,341,3,Male,61,3,1,Research Scientist,4,Married,2029,8440,4,Y,No,12,3,3,80,1,6,0,3,5,1,3,1
39,Yes,Travel_Frequently,728,Research & Development,4,4,Life Sciences,1,342,4,Female,99,3,3,Manager,4,Single,9448,17963,2,Y,No,23,4,1,80,0,18,3,3,18,2,13,0
39,No,Travel_Rarely,171,Sales,4,4,Life Sciences,1,343,1,Male,99,3,3,Sales Executive,1,Married,10380,5260,2,Y,No,19,3,4,80,0,20,3,3,1,1,0,1
32,No,Travel_Frequently,560,Research & Development,2,1,Medical,1,344,1,Male,90,4,2,Manufacturing Director,4,Single,5285,9438,3,Y,No,23,4,4,80,1,11,3,1,9,0,1,3
32,No,Travel_Rarely,198,Research & Development,2,4,Life Sciences,1,345,3,Female,34,4,2,Manufacturing Director,3,Married,5654,18542,2,Y,Yes,15,3,4,80,1,7,4,3,7,4,0,1
39,No,Travel_Rarely,325,Human Resources,1,4,Life Sciences,1,346,3,Male,88,4,3,Human Resources,1,Single,9901,23126,3,Y,No,14,3,1,80,1,20,2,3,10,3,0,2
23,No,Travel_Rarely,932,Sales,3,1,Life Sciences,1,347,4,Male,31,3,1,Manager,3,Married,3624,22797,3,Y,No,17,3,3,80,0,4,2,2,1,1,0,1
24,No,Travel_Rarely,1406,Research & Development,7,1,Medical,1,348,4,Male,31,4,1,Laboratory Technician,1,Married,2195,5744,5,Y,No,15,3,3,80,0,5,3,2,5,5,1,1
30,Yes,Travel_Rarely,1458,Research & Development,3,1,Medical,1,349,3,Male,32,2,2,Laboratory Technician,4,Married,6005,16809,2,Y,No,11,3,4,80,0,8,2,3,7,3,6,0
34,No,Travel_Rarely,742,Sales,9,3,Medical,1,350,3,Male,99,3,3,Sales Executive,3,Divorced,10502,8492,2,Y,No,19,3,4,80,1,14,1,4,14,2,1,9
39,No,Travel_Rarely,597,Research & Development,29,3,Life Sciences,1,351,3,Male,72,3,3,Laboratory Technician,4,Divorced,9073,4109,3,Y,No,18,3,3,80,1,20,1,2,2,2,1,1
50,No,Travel_Rarely,1311,Research & Development,3,3,Life Sciences,1,352,4,Male,34,4,4,Research Scientist,1,Married,15678,18034,2,Y,Yes,13,3,4,80,2,26,3,3,10,7,0,1
44,No,Travel_Rarely,1163,Research & Development,4,2,Life Sciences,1,353,4,Male,79,3,4,Laboratory Technician,3,Divorced,15274,6118,2,Y,No,20,4,1,80,0,23,0,4,11,11,0,0
35,No,Travel_Rarely,870,Sales,1,4,Medical,1,354,4,Female,39,2,3,Sales Representative,2,Single,9436,24792,2,Y,No,13,3,1,80,1,15,2,2,3,3,3,3
36,No,Travel_Rarely,861,Sales,3,3,Other,1,355,2,Male,56,3,3,Manager,3,Divorced,8666,10898,5,Y,No,13,3,3,80,3,16,2,3,3,3,0,0
27,No,Travel_Frequently,589,Sales,10,1,Life Sciences,1,356,4,Male,53,3,2,Sales Executive,4,Married,4593,10937,1,Y,No,17,3,1,80,1,8,3,4,8,0,7,4
36,Yes,Travel_Frequently,657,Sales,1,2,Life Sciences,1,357,2,Female,51,2,3,Sales Executive,4,Single,10224,15099,3,Y,Yes,12,3,1,80,1,16,3,4,0,0,0,0
34,No,Travel_Frequently,1093,Research & Development,1,3,Life Sciences,1,358,2,Female,32,3,3,Research Director,4,Married,10288,3481,4,Y,No,19,3,4,80,2,14,2,3,10,1,2,0
39,No,Travel_Rarely,590,Research & Development,3,3,Medical,1,359,4,Female,45,3,3,Research Scientist,4,Married,9673,23657,1,Y,No,14,3,2,80,0,19,3,2,0,0,0,0
29,Yes,Travel_Frequently,158,Research & Development,13,2,Medical,1,360,1,Male,59,3,2,Research Scientist,1,Divorced,5690,25076,6,Y,Yes,17,3,3,80,0,7,3,2,1,1,0,1
41,No,Travel_Rarely,613,Research & Development,7,2,Medical,1,361,4,Male,72,3,3,Research Scientist,2,Single,10367,24957,2,Y,No,18,3,4,80,3,20,3,3,8,6,1,4
50,Yes,Travel_Rarely,1373,Research & Development,25,4,Technical Degree,1,362,1,Female,33,2,5,Manufacturing Director,3,Married,19192,6857,2,Y,Yes,15,3,2,80,1,31,2,4,0,0,0,0
35,No,Travel_Rarely,205,Sales,18,5,Medical,1,363,4,Female,69,4,3,Sales Executive,3,Married,9366,22587,1,Y,No,18,3,2,80,1,15,3,3,15,4,0,4
40,No,Travel_Frequently,658,Research & Development,1,3,Life Sciences,1,364,2,Male,45,3,3,Manager,1,Single,10064,7629,3,Y,No,14,3,1,80,1,17,5,3,15,3,2,1
43,No,Travel_Rarely,161,Sales,1,3,Life Sciences,1,365,2,Female,45,1,4,Sales Executive,3,Single,15592,14114,3,Y,No,23,4,1,80,0,24,1,3,7,2,0,0
33,No,Travel_Rarely,836,Research & Development,4,3,Medical,1,366,2,Male,95,3,3,Laboratory Technician,3,Married,10204,5222,3,Y,No,20,4,1,80,1,14,2,3,13,1,0,11
38,No,Travel_Rarely,1363,Research & Development,5,4,Medical,1,367,3,Female,84,3,3,Research Scientist,3,Divorced,10319,23344,3,Y,No,12,3,1,80,1,17,2,3,17,2,0,0
37,No,Travel_Frequently,472,Research & Development,5,3,Medical,1,368,2,Female,49,1,3,Laboratory Technician,4,Married,8982,7179,0,Y,No,13,3,3,80,0,16,3,3,2,1,2,2
37,No,Travel_Rarely,127,Research & Development,1,4,Medical,1,369,3,Female,80,3,3,Manufacturing Director,3,Married,9494,13391,1,Y,No,24,4,2,80,0,18,3,3,14,4,0,0
29,No,Travel_Rarely,494,Sales,1,3,Medical,1,370,1,Female,86,3,2,Sales Representative,1,Divorced,4060,19015,2,Y,No,16,3,4,80,1,7,2,2,1,0,0,1
37,No,Travel_Rarely,707,Research & Development,1,3,Technical Degree,1,371,1,Female,80,3,3,Healthcare Representative,1,Married,10248,26407,3,Y,No,20,4,4,80,0,16,2,3,4,0,2,4
41,Yes,Travel_Rarely,211,Research & Development,15,3,Medical,1,372,1,Male,47,3,3,Manufacturing Director,4,Married,9672,23509,2,Y,Yes,23,4,4,80,0,16,5,3,6,4,0,0
50,No,Travel_Rarely,874,Research & Development,23,4,Marketing,1,373,3,Male,88,3,5,Research Director,4,Single,19358,18351,1,Y,No,16,3,3,80,0,31,3,3,9,3,1,8
45,No,Travel_Rarely,355,Research & Development,1,4,Life Sciences,1,374,4,Male,57,2,4,Healthcare Representative,4,Divorced,14414,8092,1,Y,Yes,22,4,1,80,1,23,5,3,0,0,0,0
56,No,Travel_Frequently,1018,Research & Development,1,1,Medical,1,375,4,Male,98,4,5,Healthcare Representative,2,Married,19940,16117,4,Y,No,25,4,4,80,2,37,4,3,2,0,2,1
29,No,Travel_Rarely,867,Research & Development,1,3,Technical Degree,1,376,2,Female,57,2,2,Research Scientist,4,Divorced,4483,13463,1,Y,No,22,4,2,80,1,8,2,4,7,2,2,4
44,No,Travel_Rarely,1222,Sales,16,3,Life Sciences,1,377,3,Male,42,3,4,Sales Executive,3,Divorced,15764,26157,2,Y,No,22,4,1,80,0,23,1,2,3,3,1,1
38,No,Travel_Rarely,639,Research & Development,25,3,Marketing,1,378,4,Male,35,2,3,Research Scientist,4,Married,9870,12608,7,Y,No,24,4,4,80,3,18,3,3,11,9,0,1
56,No,Travel_Rarely,1229,Sales,2,4,Medical,1,379,2,Male,58,3,5,Sales Executive,4,Single,18986,20515,0,Y,No,17,3,2,80,0,33,2,2,8,5,2,5
29,No,Travel_Rarely,716,Research & Development,2,4,Life Sciences,1,380,3,Female,38,3,2,Laboratory Technician,2,Married,5037,11248,1,Y,No,22,4,2,80,0,10,2,4,2,0,2,1
29,No,Travel_Rarely,688,Research & Development,3,4,Medical,1,381,3,Male,58,2,2,Laboratory Technician,3,Married,4817,3337,1,Y,Yes,21,4,4,80,0,9,2,2,1,1,0,0
31,Yes,Travel_Rarely,698,Research & Development,5,5,Life Sciences,1,382,1,Male,67,3,2,Research Director,1,Divorced,5977,25595,2,Y,Yes,24,4,4,80,0,12,5,3,7,1,0,6
18,Yes,Travel_Frequently,1339,Research & Development,9,2,Other,1,383,1,Male,94,2,1,Research Director,2,Divorced,2807,12155,3,Y,No,14,3,2,80,0,0,1,3,0,0,0,0
32,Yes,Travel_Rarely,214,Research & Development,5,4,Marketing,1,384,1,Female,85,3,2,Research Director,4,Married,4438,21608,3,Y,No,23,4,2,80,0,13,2,3,1,0,1,1
29,Yes,Travel_Rarely,1437,Research & Development,24,4,Life Sciences,1,385,3,Male,59,3,1,Laboratory Technician,4,Married,2569,23957,3,Y,Yes,18,3,3,80,0,6,3,4,3,3,3,3
38,No,Travel_Frequently,670,Research & Development,1,3,Life Sciences,1,386,1,Female,88,2,3,Manufacturing Director,4,Single,9877,3747,3,Y,No,18,3,4,80,1,15,4,3,2,2,0,2
40,No,Travel_Rarely,1056,Research & Development,12,4,Medical,1,387,1,Male,87,3,3,Research Scientist,3,Married,10338,26782,1,Y,No,21,4,1,80,0,17,5,3,0,0,0,0
54,No,Travel_Frequently,997,Research & Development,3,1,Life Sciences,1,388,2,Male,39,2,5,Research Scientist,1,Married,18737,10068,1,Y,Yes,17,3,3,80,1,35,3,1,6,4,0,2
45,No,Travel_Rarely,1226,Human Resources,3,4,Life Sciences,1,389,1,Female,50,2,4,Human Resources,1,Married,14977,11585,1,Y,No,13,3,4,80,1,24,0,3,11,1,0,11
31,No,Travel_Rarely,863,Research & Development,9,3,Medical,1,390,1,Male,85,3,2,Laboratory Technician,2,Single,5214,4398,3,Y,No,24,4,2,80,0,12,2,2,6,2,1,0
28,No,Travel_Frequently,1039,Research & Development,21,2,Life Sciences,1,391,4,Male,55,3,1,Laboratory Technician,3,Married,3324,25398,3,Y,Yes,13,3,4,80,1,5,5,3,5,4,5,3
41,No,Travel_Rarely,754,Research & Development,10,3,Life Sciences,1,392,1,Male,44,3,3,Healthcare Representative,3,Married,8978,13592,4,Y,No,12,3,4,80,1,19,3,4,1,1,0,1
24,Yes,Travel_Rarely,185,Research & Development,11,3,Marketing,1,393,3,Male,64,2,1,Research Scientist,1,Divorced,3103,14432,4,Y,No,21,4,2,80,0,4,3,2,4,4,3,4
53,No,Travel_Frequently,820,Research & Development,11,2,Technical Degree,1,394,2,Male,44,3,5,Healthcare Representative,4,Divorced,18821,5908,0,Y,No,23,4,4,80,0,31,2,3,7,1,1,7
47,No,Travel_Rarely,969,Research & Development,3,1,Marketing,1,395,3,Male,35,3,5,Laboratory Technician,2,Single,18905,26890,3,Y,No,17,3,2,80,1,28,0,3,8,6,3,1
32,No,Travel_Rarely,1050,Research & Development,11,3,Marketing,1,396,3,Male,57,2,2,Research Scientist,4,Married,6400,14603,3,Y,No,24,4,4,80,1,12,3,2,9,2,1,1
21,No,Travel_Rarely,403,Research & Development,12,3,Life Sciences,1,397,2,Male,92,3,1,Laboratory Technician,3,Single,2682,7132,2,Y,No,16,3,4,80,1,2,4,3,2,2,0,2
49,No,Travel_Frequently,1342,Research & Development,6,4,Life Sciences,1,398,4,Female,58,3,4,Research Scientist,1,Married,15752,18119,4,Y,Yes,22,4,2,80,0,22,6,3,8,2,6,2
35,No,Non-Travel,669,Research & Development,6,4,Life Sciences,1,399,3,Female,77,3,2,Manufacturing Director,4,Married,5631,15459,1,Y,No,17,3,4,80,1,12,4,3,0,0,0,0
48,No,Travel_Rarely,642,Research & Development,11,3,Marketing,1,400,4,Male,92,2,4,Laboratory Technician,4,Single,14591,5875,1,Y,No,12,3,4,80,1,26,3,3,9,0,2,0
22,No,Travel_Rarely,193,Research & Development,13,4,Other,1,401,3,Male,87,3,1,Research Scientist,3,Married,1692,4052,4,Y,Yes,14,3,2,80,2,0,3,3,0,0,0,0
31,No,Non-Travel,755,Research & Development,3,3,Medical,1,402,4,Male,50,2,2,Research Scientist,3,Married,5692,19774,2,Y,No,11,3,1,80,1,11,4,2,11,3,0,3
36,No,Travel_Rarely,715,Sales,12,4,Technical Degree,1,403,4,Male,51,3,2,Sales Executive,1,Married,4549,8435,4,Y,No,12,3,1,80,0,12,0,3,9,0,1,1
37,No,Travel_Rarely,172,Research & Development,13,2,Medical,1,404,4,Male,56,3,3,Research Director,3,Married,8801,24201,2,Y,No,17,3,3,80,0,18,5,3,9,0,4,2
32,No,Travel_Rarely,770,Research & Development,2,3,Life Sciences,1,405,3,Male,86,3,2,Laboratory Technician,4,Married,5815,11318,3,Y,No,15,3,4,80,0,10,3,3,5,5,5,4
42,No,Travel_Frequently,182,Research & Development,10,3,Medical,1,406,3,Male,39,3,3,Healthcare Representative,1,Divorced,9188,7176,1,Y,No,20,4,4,80,1,20,5,3,15,0,2,0
27,No,Travel_Frequently,1225,Sales,1,1,Life Sciences,1,407,4,Male,51,4,2,Sales Executive,2,Married,4736,22800,3,Y,No,13,3,3,80,0,8,3,3,8,0,0,4
35,No,Travel_Rarely,696,Research & Development,1,4,Life Sciences,1,408,4,Male,73,3,3,Research Director,4,Married,10984,9395,0,Y,No,12,3,3,80,1,15,2,3,11,11,2,3
38,No,Travel_Rarely,319,Research & Development,6,4,Medical,1,409,4,Female,57,3,3,Healthcare Representative,2,Married,8804,16369,4,Y,No,13,3,2,80,1,19,2,3,7,5,2,1
41,No,Travel_Rarely,985,Research & Development,19,3,Medical,1,410,2,Male,79,2,2,Laboratory Technician,3,Divorced,4446,17469,1,Y,No,14,3,1,80,0,8,2,3,0,0,0,0
43,No,Travel_Rarely,850,Research & Development,1,3,Medical,1,411,4,Female,80,3,4,Manufacturing Director,3,Single,15024,21706,3,Y,No,20,4,3,80,1,24,2,4,10,4,4,1
26,No,Travel_Rarely,226,Research & Development,14,4,Medical,1,412,2,Female,30,3,1,Research Director,3,Married,2655,25046,0,Y,No,20,4,3,80,1,6,2,3,6,3,0,1
22,No,Travel_Frequently,302,Research & Development,5,4,Life Sciences,1,413,3,Male,63,3,1,Laboratory Technician,3,Divorced,2263,19953,4,Y,No,15,3,3,80,1,0,3,4,0,0,0,0
48,Yes,Travel_Rarely,1127,Sales,15,2,Medical,1,414,1,Male,64,4,5,Sales Executive,2,Married,18404,4501,3,Y,No,18,3,4,80,2,29,2,3,1,1,1,1
39,No,Travel_Frequently,675,Research & Development,14,3,Medical,1,415,2,Male,90,3,3,Research Scientist,1,Married,10705,26021,4,Y,No,19,3,3,80,1,19,1,3,8,7,7,8
30,No,Travel_Rarely,1145,Sales,16,3,Life Sciences,1,416,4,Male,59,3,2,Sales Representative,4,Married,5357,19413,2,Y,Yes,12,3,3,80,0,9,6,2,2,1,1,0
51,No,Travel_Rarely,1084,Human Resources,11,3,Marketing,1,417,1,Male,97,3,5,Manager,4,Married,19451,15339,2,Y,No,22,4,1,80,1,32,2,3,11,4,7,2
37,No,Travel_Rarely,823,Research & Development,14,2,Medical,1,418,3,Female,69,3,3,Research Scientist,3,Married,9717,13253,1,Y,No,13,3,4,80,1,15,4,4,2,0,2,0
47,No,Travel_Rarely,1053,Research & Development,1,3,Medical,1,419,3,Male,94,2,5,Manufacturing Director,3,Single,19273,7509,5,Y,Yes,14,3,4,80,1,28,1,3,9,0,5,5
37,No,Travel_Rarely,281,Research & Development,2,4,Technical Degree,1,420,1,Male,66,2,3,Laboratory Technician,2,Married,10359,4339,3,Y,No,17,3,4,80,1,18,4,2,2,2,2,2
55,Yes,Non-Travel,1187,Research & Development,2,3,Technical Degree,1,421,2,Female,93,3,5,Research Scientist,1,Single,18502,24167,3,Y,No,24,4,3,80,0,34,2,3,0,0,0,0
52,No,Travel_Frequently,374,Research & Development,10,5,Technical Degree,1,422,3,Female,30,3,5,Manager,4,Married,19258,22815,4,Y,No,16,3,3,80,0,32,3,3,7,3,3,1
34,No,Travel_Rarely,908,Sales,1,4,Life Sciences,1,423,1,Male,44,3,2,Sales Executive,3,Married,5617,8666,3,Y,Yes,23,4,3,80,1,9,3,2,0,0,0,0
45,No,Travel_Rarely,864,Sales,1,4,Life Sciences,1,424,4,Female,42,2,4,Sales Executive,2,Married,16226,6044,2,Y,No,16,3,2,80,0,21,5,3,8,2,0,3
42,No,Non-Travel,1135,Research & Development,16,2,Life Sciences,1,425,4,Male,58,3,4,Manufacturing Director,1,Divorced,16468,21136,3,Y,No,20,4,3,80,1,22,2,3,20,0,0,11
49,No,Travel_Rarely,800,Research & Development,9,4,Life Sciences,1,426,2,Male,84,3,5,Healthcare Representative,1,Married,19141,24627,2,Y,Yes,17,3,4,80,0,29,1,1,27,5,0,0
28,No,Travel_Rarely,1022,Sales,16,1,Technical Degree,1,427,1,Male,74,3,2,Sales Executive,2,Single,5883,12100,3,Y,No,11,3,1,80,1,9,4,3,2,2,0,2
43,No,Travel_Rarely,723,Sales,1,3,Medical,1,428,3,Male,33,3,4,Sales Executive,4,Married,13697,9579,3,Y,No,18,3,1,80,1,24,2,3,12,5,0,5
46,No,Non-Travel,641,Sales,4,3,Life Sciences,1,429,4,Female,93,4,4,Sales Executive,4,Married,16231,21761,2,Y,No,19,3,4,80,1,26,2,3,3,3,3,3
20,Yes,Travel_Rarely,1087,Research & Development,2,3,Life Sciences,1,430,2,Male,44,2,1,Research Scientist,4,Married,2364,19774,1,Y,No,12,3,2,80,1,0,3,3,0,0,0,0
26,No,Travel_Rarely,561,Research & Development,1,4,Life Sciences,1,431,1,Male,77,2,2,Research Scientist,4,Married,5055,3741,5,Y,No,11,3,3,80,1,7,2,3,7,0,0,7
18,Yes,Non-Travel,1186,Research & Development,2,4,Medical,1,432,3,Male,85,2,1,Laboratory Technician,4,Married,3064,17139,2,Y,No,14,3,3,80,0,0,2,3,0,0,0,0
34,No,Travel_Rarely,1183,Research & Development,3,1,Marketing,1,433,4,Male,99,3,3,Research Scientist,3,Married,9707,21930,3,Y,Yes,21,4,2,80,0,14,2,3,4,1,1,1
43,No,Travel_Rarely,401,Research & Development,1,3,Technical Degree,1,434,3,Male,44,3,4,Research Director,2,Single,15417,11450,1,Y,Yes,12,3,4,80,2,24,2,3,3,3,0,2
50,No,Travel_Rarely,598,Research & Development,6,3,Other,1,435,3,Male,68,3,5,Healthcare Representative,4,Married,19999,10186,2,Y,No,16,3,3,80,2,28,2,3,12,2,5,3
37,No,Travel_Frequently,1464,Sales,3,3,Life Sciences,1,436,4,Female,98,3,3,Manager,2,Single,9569,24107,4,Y,No,13,3,4,80,0,17,2,3,4,3,0,4
51,No,Travel_Rarely,1377,Research & Development,1,4,Life Sciences,1,437,3,Male,89,3,5,Research Scientist,2,Married,18447,5338,7,Y,No,19,3,4,80,0,31,3,3,9,6,2,2
24,No,Non-Travel,1381,Research & Development,9,3,Life Sciences,1,438,4,Male,73,3,1,Manager,2,Single,3888,25665,1,Y,Yes,18,3,4,80,0,5,5,3,5,5,0,2
21,Yes,Travel_Rarely,1270,Research & Development,10,4,Life Sciences,1,439,3,Male,72,3,1,Laboratory Technician,3,Single,3116,6119,1,Y,Yes,23,4,1,80,2,0,1,2,0,0,0,0
36,No,Travel_Rarely,692,Research & Development,14,2,Technical Degree,1,440,4,Male,33,3,3,Laboratory Technician,2,Married,10953,13986,1,Y,No,17,3,2,80,0,17,4,2,17,12,3,2
40,No,Non-Travel,442,Research & Development,5,3,Medical,1,441,3,Male,79,2,3,Research Scientist,1,Married,10318,10788,5,Y,No,21,4,1,80,0,16,5,4,4,4,0,4
36,No,Travel_Rarely,504,Research & Development,27,3,Marketing,1,442,4,Female,68,3,3,Research Scientist,3,Single,9005,15971,3,Y,No,17,3,3,80,0,16,3,3,10,10,8,7
18,Yes,Travel_Rarely,389,Sales,19,2,Medical,1,443,4,Female,83,3,1,Sales Executive,4,Divorced,3187,24848,4,Y,No,17,3,4,80,1,0,6,3,0,0,0,0
36,No,Travel_Rarely,1090,Research & Development,6,3,Life Sciences,1,444,4,Male,52,3,3,Laboratory Technician,3,Married,9209,22682,1,Y,No,15,3,3,80,2,14,2,3,14,5,1,0
24,Yes,Travel_Rarely,315,Research & Development,4,4,Life Sciences,1,445,2,Male,89,3,1,Research Scientist,4,Married,2804,22290,2,Y,Yes,18,3,4,80,0,5,4,2,0,0,0,0
43,No,Travel_Rarely,633,Research & Development,1,4,Medical,1,446,2,Female,64,4,3,Manufacturing Director,1,Divorced,9754,11096,2,Y,No,14,3,2,80,0,20,3,3,2,0,2,0
40,No,Travel_Rarely,971,Sales,9,3,Medical,1,447,4,Male,83,3,3,Sales Executive,1,Married,8829,25732,3,Y,No,15,3,2,80,1,19,2,2,3,1,0,1
28,No,Travel_Rarely,843,Sales,6,3,Life Sciences,1,448,2,Male,87,3,2,Sales Executive,3,Single,4712,2879,3,Y,No,13,3,4,80,0,9,3,3,4,0,0,0
32,No,Travel_Frequently,312,Sales,22,1,Medical,1,449,3,Male,91,3,2,Sales Executive,3,Married,6523,2321,2,Y,No,13,3,3,80,0,13,3,3,1,0,1,0
27,No,Travel_Rarely,272,Research & Development,7,2,Marketing,1,450,2,Female,77,3,1,Healthcare Representative,3,Married,2943,7041,1,Y,Yes,12,3,4,80,2,6,2,4,5,2,0,5
36,No,Non-Travel,639,Research & Development,29,3,Life Sciences,1,451,4,Male,36,2,3,Healthcare Representative,4,Single,9694,9571,4,Y,Yes,24,4,2,80,2,15,2,3,8,0,1,3
45,No,Travel_Rarely,1388,Research & Development,15,1,Marketing,1,452,1,Female,74,3,4,Laboratory Technician,4,Single,16387,19305,3,Y,No,15,3,4,80,3,23,3,2,5,5,3,5
27,No,Travel_Rarely,903,Research & Development,24,4,Life Sciences,1,453,4,Female,42,2,1,Laboratory Technician,4,Married,2562,18856,1,Y,Yes,22,4,3,80,1,5,3,3,5,5,1,1
41,No,Travel_Rarely,777,Sales,3,4,Medical,1,454,3,Male,82,3,3,Sales Executive,3,Married,9745,15988,1,Y,Yes,12,3,4,80,0,20,3,2,0,0,0,0
32,No,Travel_Rarely,491,Research & Development,1,4,Marketing,1,455,1,Female,68,3,2,Healthcare Representative,2,Divorced,5794,12311,1,Y,Yes,20,4,1,80,1,10,3,2,10,1,1,10
29,No,Travel_Rarely,522,Sales,12,3,Human Resources,1,456,3,Female,47,4,2,Sales Executive,3,Single,4959,16814,3,Y,Yes,14,3,3,80,0,8,2,1,8,7,5,7
35,No,Travel_Frequently,163,Sales,12,4,Life Sciences,1,457,2,Male,51,3,3,Sales Executive,1,Married,9352,8350,1,Y,No,20,4,4,80,0,16,2,3,7,7,2,5
27,Yes,Non-Travel,187,Research & Development,1,3,Life Sciences,1,458,2,Male,65,4,1,Research Scientist,2,Single,1447,13650,1,Y,Yes,22,4,4,80,0,2,4,2,2,2,2,0
31,No,Non-Travel,1114,Sales,11,3,Life Sciences,1,459,2,Male,82,2,2,Sales Executive,2,Single,4638,13662,4,Y,No,11,3,1,80,3,12,4,3,1,1,0,1
25,No,Travel_Rarely,592,Research & Development,6,5,Life Sciences,1,460,1,Male,32,2,1,Laboratory Technician,3,Divorced,2232,24560,5,Y,No,12,3,2,80,1,5,3,4,5,5,0,1
54,No,Travel_Frequently,997,Research & Development,1,3,Medical,1,461,4,Male,91,3,5,Healthcare Representative,1,Single,19195,10576,3,Y,No,21,4,3,80,0,32,6,3,0,0,0,0
37,Yes,Travel_Rarely,161,Research & Development,5,1,Technical Degree,1,462,1,Male,58,3,3,Research Scientist,1,Married,9433,22026,1,Y,Yes,11,3,1,80,0,17,4,2,4,1,1,3
30,No,Travel_Rarely,578,Research & Development,21,4,Life Sciences,1,463,3,Male,37,1,2,Laboratory Technician,3,Single,6494,9782,5,Y,No,12,3,4,80,2,11,2,2,3,3,0,3
38,No,Travel_Frequently,421,Research & Development,5,4,Life Sciences,1,464,2,Female,75,2,3,Healthcare Representative,3,Single,9165,2153,3,Y,Yes,14,3,1,80,1,19,2,3,6,1,1,5
35,No,Travel_Rarely,791,Research & Development,12,4,Life Sciences,1,465,3,Male,85,3,3,Healthcare Representative,4,Married,10640,7525,1,Y,No,11,3,2,80,1,14,2,3,2,2,2,2
34,No,Travel_Rarely,153,Research & Development,1,3,Medical,1,466,2,Male,78,3,2,Laboratory Technician,3,Married,5331,21148,4,Y,No,16,3,3,80,0,7,3,1,7,3,3,0
42,No,Travel_Rarely,758,Research & Development,10,3,Life Sciences,1,467,3,Male,72,3,4,Laboratory Technician,1,Married,15784,16518,2,Y,No,11,3,3,80,1,21,3,3,3,3,0,2
43,No,Travel_Rarely,929,Research & Development,23,5,Life Sciences,1,468,4,Male,39,3,4,Laboratory Technician,2,Single,15747,5433,4,Y,No,13,3,4,80,1,23,2,3,15,1,3,4
32,No,Travel_Frequently,1202,Research & Development,5,1,Marketing,1,469,3,Male,42,2,2,Research Director,1,Married,3869,21267,3,Y,No,12,3,4,80,2,13,4,3,7,3,2,1
31,No,Travel_Rarely,220,Research & Development,3,3,Life Sciences,1,470,1,Male,86,3,2,Research Scientist,4,Single,5193,5748,1,Y,No,12,3,1,80,0,12,3,4,1,1,0,1
34,No,Non-Travel,822,Research & Development,8,2,Medical,1,471,3,Male,31,2,3,Research Director,4,Divorced,9642,15281,2,Y,No,14,3,4,80,1,15,3,3,3,3,0,0
18,Yes,Travel_Rarely,1307,Sales,19,3,Marketing,1,472,2,Female,94,3,1,Sales Executive,2,Divorced,2120,7642,2,Y,No,19,3,2,80,0,0,1,3,0,0,0,0
23,No,Travel_Rarely,607,Research & Development,1,3,Life Sciences,1,473,1,Female,71,3,1,Laboratory Technician,2,Divorced,3075,23580,2,Y,No,13,3,3,80,1,3,1,3,3,3,1,3
49,No,Travel_Rarely,738,Sales,4,2,Medical,1,474,3,Male,87,4,5,Sales Executive,4,Divorced,19999,25996,1,Y,No,22,4,1,80,0,30,3,3,6,6,0,1
51,No,Travel_Rarely,254,Sales,1,2,Medical,1,475,3,Female,39,3,5,Sales Executive,3,Married,17496,21140,2,Y,No,16,3,1,80,2,32,4,3,8,5,0,3
34,No,Travel_Rarely,1143,Research & Development,5,3,Medical,1,476,3,Female,92,3,2,Laboratory Technician,4,Single,4879,18679,3,Y,No,22,4,2,80,0,12,4,3,3,3,0,3
42,No,Travel_Frequently,1189,Sales,6,2,Medical,1,477,4,Male,90,3,3,Sales Executive,2,Married,9052,9181,5,Y,No,21,4,2,80,0,18,3,3,2,2,2,0
39,Yes,Travel_Frequently,598,Research & Development,23,2,Life Sciences,1,478,2,Female,30,3,3,Manufacturing Director,2,Divorced,9843,15428,2,Y,No,20,4,4,80,0,14,2,2,5,1,3,5
60,No,Non-Travel,180,Research & Development,4,4,Marketing,1,479,2,Female,55,3,5,Manager,4,Married,18904,10756,1,Y,Yes,13,3,4,80,2,39,2,2,1,0,1,1
47,No,Travel_Frequently,160,Sales,6,3,Marketing,1,480,1,Male,34,3,5,Sales Executive,3,Divorced,18736,10037,4,Y,No,20,4,4,80,1,28,4,3,2,2,2,2
35,Yes,Travel_Frequently,864,Research & Development,17,3,Life Sciences,1,481,3,Male,64,3,2,Manufacturing Director,3,Single,5613,21504,1,Y,Yes,15,3,3,80,0,13,1,3,0,0,0,0
28,No,Travel_Rarely,927,Sales,3,4,Life Sciences,1,482,3,Male,42,1,2,Sales Executive,3,Divorced,6181,5450,3,Y,No,19,3,2,80,0,9,3,4,2,1,2,0
22,Yes,Travel_Frequently,1186,Sales,8,2,Life Sciences,1,483,2,Male,56,3,1,Sales Executive,3,Married,4396,12642,1,Y,Yes,13,3,2,80,1,1,3,3,1,1,0,1
38,No,Travel_Rarely,1204,Sales,11,3,Life Sciences,1,484,4,Female,41,3,3,Sales Executive,4,Married,9356,6067,0,Y,Yes,18,3,2,80,0,16,2,3,16,2,2,1
30,No,Travel_Rarely,345,Sales,3,3,Medical,1,485,3,Male,79,3,2,Sales Executive,2,Single,4107,15114,1,Y,No,16,3,2,80,0,8,2,2,6,0,0,6
23,No,Travel_Rarely,309,Research & Development,1,4,Life Sciences,1,486,3,Female,88,3,1,Research Director,2,Married,3135,12869,2,Y,No,24,4,3,80,1,0,5,4,0,0,0,0
31,No,Travel_Rarely,957,Research & Development,5,4,Life Sciences,1,487,3,Female,60,3,2,Manufacturing Director,4,Divorced,6166,6565,1,Y,Yes,25,4,3,80,0,9,4,3,0,0,0,0
27,No,Travel_Rarely,1212,Research & Development,3,4,Marketing,1,488,3,Female,98,4,1,Research Scientist,2,Married,3288,22715,4,Y,No,22,4,2,80,3,6,4,3,0,0,0,0
52,No,Non-Travel,701,Research & Development,2,4,Life Sciences,1,489,3,Female,66,2,5,Laboratory Technician,3,Single,19999,5217,4,Y,Yes,18,3,1,80,0,33,2,3,13,2,0,6
44,Yes,Travel_Rarely,746,Research & Development,29,2,Marketing,1,490,2,Male,31,3,3,Laboratory Technician,4,Married,9664,13427,1,Y,Yes,12,3,1,80,0,19,1,2,7,3,1,6
36,No,Travel_Rarely,140,Sales,5,1,Marketing,1,491,1,Male,94,3,3,Sales Executive,4,Single,9434,20785,1,Y,No,19,3,2,80,0,17,6,3,1,0,1,1
50,No,Travel_Rarely,1301,Sales,15,3,Life Sciences,1,492,1,Female,32,4,4,Sales Representative,3,Single,15369,8097,3,Y,No,24,4,1,80,1,26,2,4,4,2,1,0
37,No,Travel_Rarely,579,Research & Development,1,2,Marketing,1,493,3,Male,49,3,3,Healthcare Representative,3,Married,9601,5884,2,Y,Yes,11,3,4,80,0,18,3,2,6,1,4,4
29,No,Travel_Rarely,121,Research & Development,22,4,Marketing,1,494,4,Male,31,3,2,Manufacturing Director,4,Married,5597,24413,3,Y,No,13,3,1,80,1,10,2,3,10,0,2,0
50,No,Travel_Rarely,322,Research & Development,12,3,Life Sciences,1,495,3,Female,71,2,4,Laboratory Technician,4,Married,15881,8615,5,Y,Yes,14,3,4,80,0,27,3,4,0,0,0,0
41,No,Travel_Rarely,376,Research & Development,13,1,Life Sciences,1,496,1,Female,72,3,4,Research Scientist,4,Single,15928,5204,5,Y,No,16,3,2,80,0,22,2,3,7,0,0,3
27,No,Travel_Rarely,1279,Sales,3,4,Medical,1,497,4,Male,50,2,1,Sales Executive,3,Single,3106,3695,0,Y,No,21,4,1,80,2,4,5,3,4,0,4,4
35,No,Travel_Frequently,564,Research & Development,5,2,Technical Degree,1,498,4,Female,74,3,3,Laboratory Technician,2,Single,9947,13882,2,Y,No,14,3,4,80,3,16,6,4,16,7,0,8
28,No,Travel_Frequently,352,Research & Development,7,3,Medical,1,499,4,Female,49,3,1,Laboratory Technician,3,Single,3276,22255,5,Y,No,23,4,3,80,1,4,2,3,4,2,2,3
24,No,Travel_Rarely,313,Research & Development,12,3,Life Sciences,1,500,3,Male,72,3,1,Manufacturing Director,4,Married,1622,23401,2,Y,No,21,4,2,80,1,3,1,2,2,0,2,2
45,No,Travel_Rarely,788,Research & Development,15,3,Medical,1,501,4,Male,79,3,4,Manufacturing Director,4,Married,15426,14806,2,Y,No,25,4,4,80,0,24,3,3,9,0,1,9
54,Yes,Travel_Rarely,520,Research & Development,1,3,Medical,1,502,1,Female,72,3,5,Research Scientist,1,Married,19131,24397,1,Y,Yes,12,3,1,80,0,34,2,1,11,1,0,3
24,Yes,Travel_Frequently,1297,Research & Development,18,1,Medical,1,503,1,Male,53,2,1,Laboratory Technician,3,Married,2927,15841,1,Y,No,13,3,2,80,0,5,6,3,5,5,1,2
42,No,Travel_Rarely,608,Research & Development,22,3,Marketing,1,504,1,Male,89,3,3,Research Scientist,3,Divorced,9747,18098,1,Y,No,13,3,4,80,3,19,1,3,13,2,4,9
30,No,Travel_Rarely,747,Research & Development,7,4,Medical,1,505,4,Male,61,2,2,Research Scientist,4,Divorced,5459,22256,2,Y,Yes,16,3,4,80,1,11,1,3,11,0,4,1
32,Yes,Travel_Frequently,970,Research & Development,1,4,Marketing,1,506,1,Female,34,3,2,Healthcare Representative,3,Married,4855,10607,5,Y,Yes,25,4,2,80,0,12,3,3,0,0,0,0
31,No,Travel_Rarely,1328,Sales,13,3,Medical,1,507,3,Male,31,2,2,Sales Executive,3,Single,5877,12583,1,Y,No,15,3,1,80,0,10,3,2,0,0,0,0
29,No,Travel_Rarely,593,Research & Development,6,3,Medical,1,508,3,Male,55,3,2,Laboratory Technician,1,Divorced,5484,24341,3,Y,No,24,4,4,80,0,9,3,3,9,0,1,0
37,No,Travel_Rarely,396,Research & Development,13,4,Life Sciences,1,509,2,Male,54,3,3,Research Scientist,3,Married,9890,18657,2,Y,Yes,15,3,2,80,0,18,2,3,2,2,0,1
29,No,Non-Travel,558,Research & Development,13,4,Marketing,1,510,4,Female,79,3,2,Research Director,1,Married,4781,22443,5,Y,Yes,24,4,2,80,1,10,2,4,0,0,0,0
39,No,Travel_Frequently,1271,Human Resources,1,2,Other,1,511,1,Male,68,2,3,Human Resources,4,Married,10289,15385,1,Y,No,21,4,3,80,0,20,2,3,4,0,0,3
36,No,Travel_Frequently,1363,Research & Development,7,3,Life Sciences,1,512,2,Male,40,3,2,Research Scientist,4,Single,5323,26698,1,Y,No,14,3,4,80,0,13,2,3,13,5,1,13
34,No,Travel_Rarely,841,Sales,5,4,Medical,1,513,4,Female,92,3,3,Sales Executive,3,Divorced,9346,18131,5,Y,No,23,4,1,80,0,15,4,3,1,1,1,1
28,No,Travel_Rarely,525,Research & Development,23,3,Life Sciences,1,514,1,Male,97,3,1,Healthcare Representative,3,Single,2766,17779,5,Y,No,23,4,4,80,1,0,1,3,0,0,0,0
31,No,Non-Travel,1109,Research & Development,2,1,Marketing,1,515,3,Female,47,2,2,Manager,4,Married,5577,11023,2,Y,No,14,3,3,80,1,12,2,3,0,0,0,0
43,No,Non-Travel,393,Research & Development,1,3,Medical,1,516,4,Female,57,3,4,Research Scientist,2,Married,15630,5813,4,Y,No,19,3,3,80,0,24,3,4,0,0,0,0
41,No,Travel_Rarely,257,Research & Development,18,2,Life Sciences,1,517,4,Female,71,3,3,Research Director,2,Single,10092,24808,2,Y,No,17,3,4,80,1,20,0,3,3,2,1,3
27,No,Travel_Frequently,451,Human Resources,1,3,Technical Degree,1,518,4,Male,89,2,2,Manager,4,Divorced,5255,18532,1,Y,No,23,4,4,80,0,8,4,3,0,0,0,0
37,No,Travel_Rarely,344,Research & Development,9,3,Life Sciences,1,519,2,Female,51,3,3,Research Director,4,Single,10415,13211,5,Y,Yes,23,4,2,80,0,16,3,2,14,3,1,1
43,No,Travel_Rarely,1332,Research & Development,2,4,Marketing,1,520,3,Female,69,3,3,Manufacturing Director,4,Single,10542,25135,4,Y,No,22,4,1,80,2,20,1,3,15,0,0,3
21,No,Travel_Rarely,1073,Research & Development,6,3,Medical,1,521,1,Female,91,3,1,Manufacturing Director,1,Married,3242,26476,5,Y,No,18,3,4,80,0,2,5,3,2,2,0,2
41,No,Travel_Rarely,359,Research & Development,7,2,Life Sciences,1,522,2,Male,32,2,3,Laboratory Technician,1,Divorced,9447,20542,3,Y,No,14,3,3,80,1,18,3,2,2,2,0,0
30,No,Non-Travel,686,Research & Development,4,2,Life Sciences,1,523,1,Female,92,2,2,Healthcare Representative,1,Divorced,4565,13928,2,Y,No,21,4,3,80,3,10,3,2,5,2,1,2
42,Yes,Travel_Rarely,136,Research & Development,29,4,Life Sciences,1,524,2,Male,49,2,4,Laboratory Technician,2,Married,14973,22661,1,Y,Yes,25,4,3,80,0,23,4,3,1,1,0,1
29,No,Travel_Rarely,1254,Sales,1,2,Medical,1,525,4,Male,55,3,2,Sales Executive,4,Single,6372,21772,2,Y,No,13,3,4,80,0,10,4,2,2,2,2,2
20,No,Non-Travel,531,Research & Development,3,3,Medical,1,526,2,Male,70,3,1,Laboratory Technician,2,Married,2969,5949,5,Y,No,11,3,4,80,2,0,2,3,0,0,0,0
22,No,Non-Travel,1444,Research & Development,4,2,Life Sciences,1,527,3,Female,32,3,1,Healthcare Representative,4,Married,4075,15463,2,Y,No,19,3,4,80,0,3,2,3,3,3,3,3
37,No,Travel_Rarely,196,Sales,7,4,Life Sciences,1,528,3,Male,72,4,2,Sales Representative,2,Married,5127,4845,1,Y,No,19,3,3,80,1,13,2,3,0,0,0,0
39,No,Travel_Rarely,321,Research & Development,4,3,Life Sciences,1,529,3,Male,46,2,3,Research Scientist,3,Married,9644,2818,3,Y,No,12,3,2,80,0,19,3,2,2,2,2,2
28,No,Travel_Rarely,402,Sales,1,3,Marketing,1,530,4,Female,82,1,2,Sales Representative,4,Married,5155,11539,6,Y,No,14,3,3,80,1,9,5,3,9,7,1,9
42,No,Travel_Rarely,1310,Research & Development,23,3,Medical,1,531,2,Male,81,3,4,Laboratory Technician,2,Married,15244,11463,3,Y,No,23,4,3,80,1,22,1,3,4,3,1,0
21,Yes,Non-Travel,1162,Sales,4,4,Life Sciences,1,532,3,Female,62,2,1,Sales Representative,2,Single,2335,11582,3,Y,Yes,14,3,3,80,0,0,0,3,0,0,0,0
36,No,Non-Travel,876,Research & Development,3,3,Medical,1,533,3,Male,89,3,3,Laboratory Technician,2,Single,9110,10143,4,Y,No,22,4,3,80,1,14,4,3,14,11,0,5
25,No,Travel_Rarely,501,Sales,4,4,Life Sciences,1,534,1,Male,97,3,1,Sales Executive,1,Married,3100,15451,4,Y,No,11,3,1,80,2,5,2,2,5,1,1,3
30,No,Travel_Rarely,791,Human Resources,1,4,Technical Degree,1,535,3,Female,85,2,2,Manager,3,Married,5832,18327,2,Y,No,22,4,3,80,0,7,2,3,2,1,0,0
37,No,Travel_Rarely,1267,Research & Development,1,4,Technical Degree,1,536,4,Female,93,3,3,Research Scientist,2,Single,11266,20977,2,Y,No,12,3,3,80,1,18,2,2,12,2,1,1
29,Yes,Non-Travel,1094,Human Resources,1,3,Medical,1,537,1,Male,37,3,1,Manager,4,Married,2539,3423,1,Y,No,24,4,4,80,0,4,2,4,1,1,1,1
33,No,Travel_Rarely,235,Research & Development,1,4,Other,1,538,1,Female,98,3,2,Laboratory Technician,4,Married,4988,23595,1,Y,No,23,4,3,80,0,10,6,4,2,2,0,1
46,No,Travel_Rarely,762,Research & Development,1,1,Marketing,1,539,1,Male,62,3,4,Laboratory Technician,3,Divorced,14837,21105,2,Y,No,18,3,1,80,3,24,6,3,12,1,2,1
31,No,Travel_Rarely,1413,Research & Development,4,3,Marketing,1,540,4,Male,54,2,2,Laboratory Technician,1,Single,5875,14632,4,Y,No,16,3,3,80,1,8,2,3,4,4,2,2
44,No,Travel_Rarely,359,Research & Development,7,4,Medical,1,541,4,Male,36,4,4,Manufacturing Director,3,Divorced,15788,20928,4,Y,No,11,3,4,80,0,24,6,3,1,1,1,1
26,No,Travel_Rarely,1164,Research & Development,7,2,Life Sciences,1,542,3,Male,88,3,1,Laboratory Technician,1,Single,2273,16147,2,Y,Yes,17,3,3,80,1,5,2,3,5,5,0,5
41,Yes,Travel_Rarely,406,Research & Development,1,2,Life Sciences,1,543,3,Male,62,4,3,Research Scientist,3,Married,9258,16629,2,Y,Yes,21,4,3,80,0,20,4,3,10,4,0,7
50,No,Non-Travel,1408,Research & Development,20,2,Life Sciences,1,544,4,Male,70,2,5,Research Scientist,3,Single,19671,11455,5,Y,No,25,4,3,80,1,30,2,4,1,0,1,1
18,Yes,Non-Travel,627,Sales,13,3,Medical,1,545,4,Male,62,3,1,Sales Executive,2,Married,3029,9151,3,Y,Yes,17,3,2,80,1,0,4,3,0,0,0,0
29,No,Travel_Frequently,508,Sales,26,3,Life Sciences,1,546,4,Male,58,3,2,Manager,4,Married,5655,13725,2,Y,Yes,16,3,4,80,2,10,2,3,1,0,1,1
42,No,Travel_Rarely,1484,Research & Development,3,4,Life Sciences,1,547,4,Male,68,3,4,Manager,4,Married,14770,26343,3,Y,No,23,4,1,80,0,22,2,3,3,0,0,0
35,No,Travel_Rarely,987,Research & Development,8,4,Medical,1,548,3,Male,86,3,3,Laboratory Technician,4,Divorced,8673,12653,4,Y,No,24,4,3,80,0,16,5,3,11,6,0,10
40,No,Travel_Rarely,479,Research & Development,1,3,Life Sciences,1,549,3,Female,93,3,4,Healthcare Representative,2,Married,14775,6388,6,Y,No,21,4,2,80,0,21,2,3,9,1,4,0
31,No,Travel_Rarely,570,Research & Development,13,2,Medical,1,550,4,Female,95,4,2,Laboratory Technician,3,Divorced,5612,11750,1,Y,No,18,3,1,80,0,12,6,2,8,8,3,5
37,No,Non-Travel,974,Research & Development,1,4,Technical Degree,1,551,4,Male,38,3,3,Manufacturing Director,4,Divorced,11066,15464,2,Y,No,21,4,3,80,3,14,1,3,0,0,0,0
35,Yes,Travel_Rarely,1091,Research & Development,3,2,Marketing,1,552,1,Female,58,2,3,Healthcare Representative,2,Single,9542,20208,8,Y,No,22,4,3,80,2,15,0,2,1,1,1,1
47,No,Travel_Rarely,1406,Research & Development,5,2,Medical,1,553,1,Female,57,3,4,Manager,4,Single,16665,10243,6,Y,Yes,15,3,4,80,1,25,4,3,1,1,1,1
39,No,Non-Travel,112,Human Resources,7,1,Medical,1,554,4,Male,82,3,3,Human Resources,1,Single,10297,16572,1,Y,No,12,3,4,80,1,20,3,3,2,2,1,2
40,Yes,Non-Travel,776,Research & Development,6,3,Medical,1,555,2,Male,75,3,3,Healthcare Representative,1,Divorced,8964,3217,1,Y,No,14,3,4,80,2,20,2,4,1,1,1,1
33,No,Travel_Rarely,796,Research & Development,1,1,Life Sciences,1,556,4,Female,68,3,3,Research Scientist,4,Married,9928,25671,5,Y,No,21,4,3,80,0,14,1,3,4,4,2,1
32,No,Travel_Rarely,1311,Research & Development,4,2,Technical Degree,1,557,3,Male,87,4,2,Manager,4,Divorced,5718,23099,3,Y,No,24,4,3,80,0,13,3,3,0,0,0,0
32,No,Travel_Rarely,1074,Research & Development,20,2,Life Sciences,1,558,1,Female,83,3,2,Research Scientist,4,Single,3744,19966,4,Y,No,18,3,3,80,0,11,2,3,10,0,1,10
40,No,Travel_Rarely,110,Research & Development,16,2,Life Sciences,1,559,1,Female,35,2,3,Manufacturing Director,4,Divorced,10186,18742,1,Y,Yes,23,4,3,80,1,19,3,3,12,0,5,2
33,No,Travel_Rarely,129,Research & Development,7,3,Marketing,1,560,1,Female,74,2,3,Manufacturing Director,1,Single,10503,17460,0,Y,No,18,3,3,80,1,14,3,3,6,6,0,6
39,No,Travel_Rarely,924,Research & Development,6,4,Life Sciences,1,561,2,Female,69,4,3,Manufacturing Director,2,Single,10039,20507,1,Y,No,22,4,4,80,1,19,3,3,0,0,0,0
55,No,Non-Travel,787,Research & Development,1,4,Life Sciences,1,562,3,Male,52,3,5,Research Scientist,4,Divorced,19062,8968,3,Y,No,15,3,2,80,0,32,6,3,17,3,0,6
44,No,Travel_Rarely,612,Human Resources,1,2,Life Sciences,1,563,4,Male,71,4,4,Manager,1,Divorced,15196,5860,5,Y,Yes,16,3,4,80,1,25,3,3,25,2,0,2
33,No,Travel_Rarely,603,Sales,2,2,Life Sciences,1,564,4,Female,67,2,3,Sales Executive,3,Single,9661,10681,0,Y,No,19,3,1,80,2,14,2,3,1,1,0,1
47,No,Travel_Rarely,683,Research & Development,5,4,Life Sciences,1,565,3,Male,45,3,4,Manufacturing Director,3,Married,14594,9150,2,Y,No,20,4,2,80,0,26,2,3,9,1,4,0
33,No,Travel_Rarely,879,Research & Development,10,1,Life Sciences,1,566,3,Female,76,3,3,Research Scientist,1,Single,9387,10393,0,Y,Yes,20,4,2,80,1,14,3,4,14,1,2,13
18,No,Travel_Frequently,762,Research & Development,4,4,Medical,1,567,3,Female,50,2,1,Laboratory Technician,2,Divorced,2550,5657,3,Y,No,20,4,3,80,0,0,2,4,0,0,0,0
27,No,Travel_Rarely,1343,Research & Development,1,2,Technical Degree,1,568,3,Female,50,3,1,Laboratory Technician,3,Single,2868,26549,1,Y,No,21,4,1,80,1,6,2,4,3,1,3,3
19,No,Travel_Rarely,104,Research & Development,4,4,Life Sciences,1,569,3,Male,54,3,1,Laboratory Technician,4,Divorced,2465,13192,2,Y,No,21,4,4,80,1,0,4,3,0,0,0,0
33,No,Travel_Rarely,1312,Research & Development,1,3,Technical Degree,1,570,1,Male,90,3,2,Research Scientist,4,Married,4678,9943,2,Y,No,12,3,4,80,0,13,4,4,5,5,1,1
37,No,Travel_Frequently,144,Research & Development,11,3,Life Sciences,1,571,1,Male,83,3,3,Research Scientist,3,Single,10255,15865,1,Y,No,15,3,3,80,0,16,3,3,4,4,1,4
52,Yes,Travel_Rarely,876,Research & Development,1,4,Life Sciences,1,572,1,Male,89,3,5,Laboratory Technician,3,Single,19322,8129,5,Y,No,19,3,3,80,0,33,3,2,20,12,4,0
39,No,Travel_Frequently,1315,Research & Development,5,3,Life Sciences,1,573,1,Female,71,3,3,Healthcare Representative,2,Divorced,9476,17198,6,Y,No,13,3,4,80,2,14,2,3,10,7,0,7
34,Yes,Travel_Rarely,143,Human Resources,9,3,Medical,1,574,4,Female,90,3,2,Manager,1,Married,5503,10053,1,Y,Yes,16,3,4,80,3,13,3,2,2,1,0,1
44,No,Travel_Rarely,1222,Sales,2,3,Medical,1,575,2,Female,61,3,4,Sales Executive,3,Divorced,15028,5290,5,Y,No,14,3,3,80,1,25,4,1,6,6,0,2
18,Yes,Travel_Rarely,831,Sales,1,4,Medical,1,576,4,Male,82,3,1,Sales Executive,1,Single,2837,19663,5,Y,Yes,14,3,3,80,0,0,3,2,0,0,0,0
39,No,Non-Travel,749,Research & Development,6,1,Marketing,1,577,4,Male,73,3,3,Research Scientist,2,Married,10385,6225,4,Y,Yes,13,3,3,80,1,20,0,1,1,1,1,0
43,No,Non-Travel,758,Sales,1,1,Medical,1,578,4,Female,40,3,4,Sales Executive,3,Married,14937,21553,5,Y,No,20,4,3,80,1,24,3,3,3,3,0,1
23,No,Travel_Rarely,982,Research & Development,7,3,Medical,1,579,4,Male,76,2,1,Manufacturing Director,3,Married,2096,2506,1,Y,No,23,4,2,80,0,2,3,3,2,1,0,2
47,No,Travel_Rarely,1261,Sales,11,2,Other,1,580,2,Male,89,3,4,Sales Executive,1,Single,15212,10768,3,Y,No,11,3,3,80,0,26,1,3,6,0,2,4
40,No,Travel_Rarely,611,Research & Development,3,3,Life Sciences,1,581,3,Female,65,2,3,Research Scientist,3,Married,8981,13245,0,Y,No,22,4,1,80,2,19,2,3,1,0,1,1
33,No,Travel_Rarely,138,Sales,5,2,Life Sciences,1,582,1,Female,89,3,3,Sales Executive,3,Married,9633,5941,4,Y,No,21,4,2,80,1,14,3,3,1,1,1,1
42,Yes,Travel_Rarely,924,Research & Development,21,3,Medical,1,583,4,Male,62,3,4,Research Scientist,1,Divorced,15131,10888,2,Y,Yes,18,3,3,80,1,21,3,4,5,2,4,0
57,No,Non-Travel,680,Sales,5,2,Medical,1,584,4,Female,71,2,5,Sales Representative,4,Married,17621,26452,5,Y,No,15,3,4,80,1,38,4,3,6,6,6,0
38,No,Non-Travel,938,Sales,29,3,Life Sciences,1,585,4,Male,42,4,3,Manager,1,Married,10118,3175,1,Y,No,12,3,4,80,1,17,2,3,3,2,0,2
39,No,Travel_Rarely,618,Research & Development,1,2,Life Sciences,1,586,3,Female,43,3,3,Research Scientist,4,Married,9690,22833,2,Y,No,11,3,3,80,1,18,0,3,7,4,1,1
32,Yes,Travel_Rarely,886,Research & Development,9,1,Medical,1,587,4,Male,87,3,2,Research Scientist,1,Single,5909,26140,2,Y,No,11,3,3,80,0,11,2,2,0,0,0,0
29,Yes,Travel_Frequently,1122,Human Resources,8,1,Medical,1,588,1,Male,69,3,1,Manager,4,Single,2929,10310,2,Y,No,14,3,1,80,2,5,2,2,1,1,1,1
44,No,Travel_Frequently,980,Research & Development,16,4,Life Sciences,1,589,1,Female,94,3,4,Research Director,1,Married,15741,10483,0,Y,No,25,4,3,80,3,21,3,3,6,2,1,0
29,No,Travel_Rarely,1183,Sales,1,2,Technical Degree,1,590,4,Male,34,3,1,Sales Executive,4,Divorced,3514,21104,2,Y,Yes,14,3,1,80,2,1,4,4,0,0,0,0
37,No,Travel_Rarely,1060,Research & Development,2,4,Marketing,1,591,3,Female,59,3,2,Research Scientist,2,Single,5120,10708,1,Y,No,16,3,2,80,1,9,3,1,9,0,3,0
32,No,Travel_Rarely,256,Research & Development,1,1,Medical,1,592,4,Female,74,4,2,Research Scientist,4,Married,5199,19619,4,Y,No,21,4,3,80,1,10,6,2,1,1,1,0
41,No,Travel_Rarely,214,Research & Development,21,1,Medical,1,593,1,Female,87,2,3,Manufacturing Director,3,Married,8855,25413,1,Y,No,17,3,2,80,1,15,1,2,8,2,0,2
39,No,Travel_Rarely,937,Research & Development,4,3,Technical Degree,1,594,4,Female,68,4,3,Laboratory Technician,1,Married,10543,12339,4,Y,Yes,11,3,1,80,2,15,2,3,3,3,0,3
46,No,Travel_Rarely,702,Sales,19,3,Life Sciences,1,595,3,Male,41,3,4,Sales Executive,4,Married,15212,19598,3,Y,No,20,4,4,80,1,24,1,3,3,0,0,0
32,No,Travel_Rarely,543,Research & Development,2,4,Life Sciences,1,596,4,Female,63,3,2,Manufacturing Director,1,Single,4596,14453,3,Y,Yes,12,3,2,80,0,13,3,3,11,5,2,3
34,No,Travel_Rarely,329,Research & Development,1,4,Medical,1,597,4,Male,43,2,3,Research Scientist,4,Single,10243,6621,2,Y,No,25,4,1,80,1,15,2,2,5,1,3,4
27,No,Travel_Rarely,975,Research & Development,2,4,Marketing,1,598,4,Male,67,3,1,Healthcare Representative,1,Married,1492,25584,2,Y,No,13,3,1,80,2,4,3,3,4,4,1,1
32,Yes,Travel_Rarely,1247,Research & Development,7,3,Life Sciences,1,599,2,Female,45,3,2,Laboratory Technician,3,Married,4942,14761,4,Y,Yes,19,3,2,80,0,12,2,2,5,2,2,2
40,No,Travel_Frequently,772,Sales,14,3,Human Resources,1,600,4,Male,90,4,3,Sales Executive,4,Married,10344,8787,5,Y,No,14,3,1,80,1,17,1,3,7,4,3,7
43,No,Travel_Frequently,1482,Human Resources,3,3,Medical,1,601,1,Male,88,4,4,Human Resources,3,Single,15037,6997,3,Y,Yes,16,3,4,80,0,24,3,2,11,11,1,2
28,No,Travel_Rarely,1393,Research & Development,19,4,Life Sciences,1,602,1,Male,96,4,2,Laboratory Technician,2,Married,4769,2149,4,Y,No,12,3,2,80,3,8,2,3,7,0,2,0
44,No,Travel_Rarely,796,Sales,2,3,Life Sciences,1,603,3,Female,40,3,4,Manager,4,Single,15050,25236,4,Y,No,23,4,4,80,1,22,4,3,7,0,1,3
49,No,Non-Travel,970,Sales,9,3,Life Sciences,1,604,4,Female,40,4,4,Sales Executive,4,Married,14094,15508,9,Y,Yes,21,4,1,80,1,24,4,3,12,6,4,3
40,No,Travel_Rarely,1129,Research & Development,10,2,Marketing,1,605,3,Male,45,3,4,Research Scientist,4,Single,15729,4357,3,Y,Yes,12,3,3,80,1,21,1,3,21,4,0,0
54,No,Travel_Rarely,222,Sales,2,1,Other,1,606,4,Male,67,3,5,Sales Executive,2,Divorced,19026,26690,3,Y,No,23,4,3,80,1,31,4,3,3,1,0,0
29,Yes,Travel_Rarely,843,Research & Development,1,4,Medical,1,607,4,Female,59,2,2,Research Scientist,3,Married,5036,24831,2,Y,Yes,25,4,3,80,2,7,3,2,6,3,0,0
25,Yes,Travel_Rarely,1344,Research & Development,3,3,Other,1,608,2,Male,70,3,1,Research Director,2,Single,2638,10576,2,Y,Yes,23,4,3,80,2,6,3,3,0,0,0,0
20,No,Travel_Rarely,795,Sales,1,3,Marketing,1,609,4,Male,30,4,1,Sales Executive,2,Divorced,2808,17144,3,Y,No,12,3,4,80,0,0,1,3,0,0,0,0
50,No,Non-Travel,1403,Research & Development,18,1,Medical,1,610,1,Male,67,4,5,Laboratory Technician,4,Married,19492,20472,2,Y,No,21,4,2,80,0,31,3,3,4,2,0,2
42,No,Travel_Rarely,358,Sales,24,4,Medical,1,611,4,Male,89,3,4,Sales Executive,2,Single,15268,19312,5,Y,No,15,3,3,80,1,23,1,3,14,8,9,1
36,No,Travel_Rarely,1429,Sales,10,1,Medical,1,612,2,Male,48,3,3,Sales Executive,3,Married,8983,22761,5,Y,Yes,23,4,4,80,3,16,2,3,5,2,5,5
39,No,Non-Travel,144,Research & Development,10,4,Medical,1,613,3,Female,88,2,3,Healthcare Representative,3,Single,10145,7364,1,Y,No,19,3,1,80,0,20,1,3,10,3,8,3
26,Yes,Travel_Rarely,971,Sales,2,2,Life Sciences,1,614,3,Male,97,3,2,Sales Representative,4,Married,5499,16366,3,Y,Yes,24,4,1,80,0,7,3,2,0,0,0,0
59,No,Travel_Rarely,1017,Research & Development,1,4,Medical,1,615,1,Female,39,3,5,Research Scientist,4,Divorced,19223,16620,2,Y,Yes,16,3,2,80,0,36,3,3,4,1,4,3
38,No,Travel_Rarely,689,Research & Development,12,4,Life Sciences,1,616,2,Female,46,2,3,Research Scientist,3,Single,10445,16836,3,Y,No,24,4,3,80,0,17,4,2,17,5,0,0
37,No,Travel_Rarely,1014,Research & Development,6,2,Marketing,1,617,1,Female,58,2,3,Healthcare Representative,3,Divorced,9818,22787,2,Y,No,19,3,2,80,1,16,3,3,1,1,0,1
43,No,Travel_Rarely,1275,Sales,9,3,Marketing,1,618,2,Male,35,2,4,Manager,4,Single,15966,12200,5,Y,Yes,16,3,2,80,0,24,6,3,0,0,0,0
41,No,Travel_Rarely,695,Research & Development,12,3,Life Sciences,1,619,1,Male,95,3,3,Research Scientist,3,Single,10644,12887,3,Y,No,19,3,3,80,0,18,3,2,4,1,1,0
38,No,Travel_Rarely,1135,Research & Development,4,2,Life Sciences,1,620,3,Male,92,2,3,Laboratory Technician,1,Married,10149,3595,2,Y,No,23,4,3,80,2,14,2,3,9,9,0,0
29,No,Travel_Rarely,893,Sales,1,4,Medical,1,621,4,Female,60,3,2,Sales Executive,1,Divorced,4751,17389,7,Y,No,15,3,2,80,0,9,3,3,4,4,1,1
41,No,Travel_Rarely,313,Sales,12,3,Medical,1,622,3,Male,54,3,3,Sales Representative,1,Divorced,9721,17647,1,Y,No,21,4,2,80,1,16,3,3,4,1,3,1
54,No,Travel_Rarely,1385,Sales,4,3,Life Sciences,1,623,4,Male,50,3,5,Sales Executive,3,Single,19843,13607,4,Y,No,22,4,3,80,0,31,3,1,8,0,1,1
49,No,Travel_Rarely,1023,Research & Development,14,2,Medical,1,624,3,Male,45,3,4,Research Scientist,4,Divorced,14401,23166,2,Y,Yes,11,3,4,80,1,27,3,3,2,1,1,0
51,Yes,Travel_Rarely,437,Research & Development,4,3,Life Sciences,1,625,3,Male,33,3,5,Healthcare Representative,2,Single,18864,6230,2,Y,Yes,16,3,3,80,0,29,3,4,10,2,0,1
32,No,Travel_Rarely,1130,Research & Development,1,4,Life Sciences,1,626,3,Male,75,3,2,Research Scientist,2,Single,4994,16799,0,Y,No,14,3,4,80,0,13,1,3,1,1,1,1
27,No,Non-Travel,1023,Sales,1,3,Life Sciences,1,627,3,Male,37,3,2,Sales Executive,4,Married,4680,18497,5,Y,Yes,19,3,2,80,0,8,3,4,3,3,0,1
35,No,Travel_Rarely,184,Research & Development,10,4,Life Sciences,1,628,3,Male,35,3,3,Laboratory Technician,4,Married,10323,19510,6,Y,No,16,3,2,80,2,16,2,2,8,8,1,4
37,No,Travel_Rarely,1131,Research & Development,6,4,Marketing,1,629,1,Male,82,3,3,Laboratory Technician,3,Married,10026,11110,4,Y,No,25,4,3,80,1,18,0,3,13,1,0,3
46,No,Travel_Frequently,253,Human Resources,4,2,Other,1,630,4,Male,93,3,4,Human Resources,2,Married,14873,16041,3,Y,No,25,4,4,80,0,27,3,3,12,8,5,3
21,No,Travel_Rarely,1306,Research & Development,5,2,Medical,1,631,4,Female,80,2,1,Laboratory Technician,1,Single,3163,21752,0,Y,No,11,3,3,80,1,0,3,3,0,0,0,0
50,No,Travel_Rarely,1292,Human Resources,6,4,Medical,1,632,2,Male,92,3,5,Human Resources,1,Married,19004,13947,1,Y,No,16,3,4,80,0,31,0,2,3,0,1,2
35,No,Travel_Frequently,179,Sales,2,3,Life Sciences,1,633,4,Male,35,3,2,Sales Executive,1,Married,4665,16447,2,Y,No,13,3,4,80,2,8,3,3,1,1,1,0
33,Yes,Travel_Frequently,513,Sales,3,1,Medical,1,634,1,Male,91,3,2,Sales Representative,2,Divorced,4772,2841,5,Y,No,13,3,1,80,0,12,3,3,1,0,1,1
27,No,Travel_Rarely,482,Research & Development,2,2,Life Sciences,1,635,2,Male,62,3,2,Healthcare Representative,3,Married,5461,12652,3,Y,Yes,17,3,1,80,1,8,1,3,8,2,0,3
21,Yes,Travel_Rarely,1049,Research & Development,3,3,Medical,1,636,1,Female,31,3,1,Research Scientist,1,Married,3363,18165,1,Y,No,12,3,1,80,0,1,3,3,1,1,1,0
44,No,Travel_Rarely,891,Sales,5,4,Other,1,637,4,Male,70,1,4,Sales Executive,1,Married,15007,9098,3,Y,Yes,19,3,2,80,1,25,2,3,23,1,0,1
37,No,Travel_Frequently,414,Sales,1,2,Life Sciences,1,638,4,Female,45,3,2,Sales Executive,1,Married,5526,19445,3,Y,No,19,3,1,80,1,8,4,3,0,0,0,0
25,No,Travel_Rarely,965,Sales,4,1,Marketing,1,639,4,Female,88,3,1,Sales Executive,3,Single,3749,17735,3,Y,No,17,3,4,80,0,2,2,2,2,1,2,0
25,No,Travel_Rarely,496,Research & Development,3,4,Life Sciences,1,640,1,Female,38,3,1,Laboratory Technician,3,Single,2044,5641,3,Y,No,19,3,1,80,0,6,3,3,6,0,2,1
33,No,Travel_Frequently,644,Sales,2,4,Life Sciences,1,641,3,Male,98,4,2,Sales Executive,3,Single,5413,21276,2,Y,No,21,4,2,80,2,7,4,3,7,3,1,7
52,No,Travel_Rarely,105,Sales,29,3,Life Sciences,1,642,4,Male,39,3,5,Sales Executive,2,Married,19598,5109,1,Y,No,16,3,1,80,1,30,4,4,8,8,0,1
34,No,Travel_Frequently,210,Sales,1,4,Life Sciences,1,643,1,Female,36,3,3,Sales Executive,2,Single,9742,25083,2,Y,No,19,3,4,80,1,15,3,2,11,2,0,2
23,No,Travel_Rarely,1019,Sales,8,3,Life Sciences,1,644,3,Male,95,3,1,Sales Executive,1,Married,3542,20282,4,Y,No,20,4,3,80,1,2,2,3,2,2,2,2
34,No,Travel_Rarely,987,Sales,1,4,Life Sciences,1,645,1,Female,49,4,2,Sales Executive,2,Married,6519,4117,5,Y,No,23,4,4,80,1,13,1,3,1,1,1,1
34,No,Travel_Rarely,194,Research & Development,14,3,Medical,1,646,1,Female,92,3,3,Research Scientist,4,Married,10006,10686,4,Y,No,12,3,4,80,0,15,3,2,1,1,1,1
18,Yes,Travel_Frequently,1224,Research & Development,19,2,Life Sciences,1,647,3,Female,33,2,1,Manufacturing Director,4,Married,2659,22910,3,Y,No,24,4,3,80,2,0,2,3,0,0,0,0
36,No,Travel_Rarely,293,Research & Development,4,4,Medical,1,648,3,Male,57,3,3,Research Scientist,3,Married,10386,12606,3,Y,No,15,3,2,80,0,17,5,3,3,3,0,3
34,Yes,Travel_Rarely,434,Research & Development,13,3,Technical Degree,1,649,1,Female,64,3,3,Research Director,4,Married,10305,5418,3,Y,Yes,21,4,2,80,1,14,2,1,0,0,0,0
43,No,Travel_Rarely,1337,Research & Development,2,5,Life Sciences,1,650,1,Female,31,1,4,Research Director,3,Divorced,13788,25641,1,Y,No,25,4,2,80,1,24,2,3,3,3,1,1
53,No,Travel_Rarely,1332,Research & Development,1,3,Life Sciences,1,651,2,Female,70,2,4,Research Scientist,1,Married,15298,20355,4,Y,No,16,3,4,80,1,26,3,3,7,3,1,3
47,No,Non-Travel,728,Research & Development,3,4,Life Sciences,1,652,2,Male,57,4,4,Research Scientist,4,Married,15063,12973,1,Y,No,22,4,1,80,2,25,4,4,17,0,1,8
34,Yes,Travel_Rarely,1087,Research & Development,3,4,Technical Degree,1,653,2,Male,30,4,3,Laboratory Technician,1,Married,10038,5769,2,Y,Yes,16,3,1,80,0,15,2,2,14,3,2,3
26,Yes,Travel_Rarely,674,Research & Development,4,2,Medical,1,654,3,Male,56,3,1,Research Scientist,3,Single,2683,25439,3,Y,No,21,4,3,80,1,6,5,3,2,2,2,2
60,No,Non-Travel,457,Sales,3,4,Medical,1,655,3,Male,96,4,5,Sales Executive,2,Married,19048,12205,1,Y,No,14,3,3,80,1,40,3,3,1,1,1,0
37,Yes,Travel_Rarely,1378,Sales,4,3,Life Sciences,1,656,3,Male,68,3,3,Sales Representative,3,Divorced,9282,18483,6,Y,Yes,23,4,3,80,0,15,4,3,1,1,1,1
37,No,Travel_Rarely,692,Research & Development,9,4,Medical,1,657,4,Female,69,1,3,Manufacturing Director,3,Divorced,10240,7627,5,Y,No,14,3,2,80,0,18,3,3,18,10,0,15
36,No,Travel_Rarely,297,Sales,2,3,Life Sciences,1,658,4,Male,57,2,2,Sales Representative,3,Married,6193,11807,2,Y,No,15,3,4,80,2,13,3,3,6,2,0,1
38,Yes,Travel_Frequently,363,Research & Development,1,4,Other,1,659,1,Female,53,1,2,Laboratory Technician,2,Married,4691,7269,5,Y,No,16,3,3,80,0,12,1,1,1,1,0,1
35,Yes,Travel_Rarely,423,Research & Development,5,3,Technical Degree,1,660,1,Male,80,2,3,Research Scientist,2,Married,8961,5972,5,Y,No,22,4,1,80,1,14,4,4,14,3,1,0
31,No,Travel_Rarely,521,Research & Development,4,2,Life Sciences,1,661,4,Male,85,2,2,Healthcare Representative,2,Single,5212,21947,6,Y,No,23,4,4,80,1,12,3,3,3,3,1,3
31,No,Travel_Rarely,433,Research & Development,1,2,Medical,1,662,1,Male,55,3,2,Laboratory Technician,4,Married,5182,11107,2,Y,No,24,4,4,80,1,11,2,3,11,11,2,10
36,No,Travel_Rarely,1421,Sales,1,3,Life Sciences,1,663,1,Male,81,3,3,Sales Executive,4,Married,10502,22811,5,Y,No,18,3,1,80,2,16,1,3,2,2,2,1
31,No,Travel_Rarely,1361,Sales,5,4,Life Sciences,1,664,1,Female,35,3,2,Sales Executive,3,Married,4462,25111,2,Y,Yes,22,4,2,80,0,10,3,3,3,1,0,0
30,No,Travel_Rarely,782,Research & Development,2,3,Technical Degree,1,665,3,Male,88,3,2,Research Scientist,2,Single,4877,5187,4,Y,Yes,23,4,3,80,1,9,2,3,5,3,3,0
37,No,Travel_Rarely,108,Research & Development,16,3,Medical,1,666,3,Female,41,4,3,Manager,4,Married,8511,16870,2,Y,No,20,4,1,80,0,16,2,3,16,4,0,8
34,No,Travel_Rarely,635,Research & Development,1,2,Life Sciences,1,667,4,Male,92,3,3,Research Scientist,1,Married,10624,13398,2,Y,No,11,3,4,80,0,14,2,4,14,4,2,5
50,No,Travel_Rarely,173,Research & Development,1,3,Life Sciences,1,668,4,Female,65,3,4,Manager,2,Single,15450,19335,5,Y,Yes,18,3,2,80,2,26,0,2,6,3,0,0
18,Yes,Travel_Frequently,719,Research & Development,4,1,Marketing,1,669,3,Male,38,3,1,Manager,2,Single,2521,9712,1,Y,No,12,3,4,80,0,0,3,3,0,0,0,0
46,No,Travel_Frequently,240,Research & Development,29,4,Medical,1,670,2,Male,96,2,4,Healthcare Representative,4,Divorced,14506,10071,3,Y,No,21,4,3,80,0,26,2,3,4,0,1,4
48,No,Travel_Frequently,643,Sales,8,5,Medical,1,671,2,Male,58,4,4,Sales Executive,1,Married,14561,4644,3,Y,Yes,25,4,3,80,1,26,2,3,26,1,1,6
18,Yes,Travel_Rarely,425,Sales,3,3,Life Sciences,1,672,1,Male,37,3,1,Sales Executive,1,Divorced,3048,3319,1,Y,No,17,3,2,80,0,0,2,3,0,0,0,0
33,No,Travel_Rarely,1050,Research & Development,1,1,Life Sciences,1,673,1,Male,72,3,2,Research Director,3,Single,4535,18105,1,Y,Yes,14,3,2,80,1,11,3,3,11,0,0,1
33,No,Travel_Rarely,702,Sales,5,2,Other,1,674,1,Female,64,3,2,Sales Executive,2,Married,5262,10939,1,Y,No,25,4,1,80,1,10,3,3,4,4,0,4
24,No,Non-Travel,174,Research & Development,1,3,Medical,1,675,1,Female,51,3,1,Laboratory Technician,3,Single,4025,9547,3,Y,No,18,3,2,80,0,3,2,3,3,1,2,2
29,No,Travel_Frequently,941,Research & Development,8,3,Life Sciences,1,676,2,Female,95,4,2,Manufacturing Director,3,Married,4991,25878,1,Y,No,16,3,2,80,0,10,3,3,4,4,4,4
26,No,Travel_Frequently,1363,Research & Development,6,4,Medical,1,677,2,Male,50,1,2,Laboratory Technician,3,Divorced,4623,11625,4,Y,Yes,15,3,4,80,0,7,2,2,7,0,1,2
52,No,Travel_Rarely,1089,Research & Development,2,2,Marketing,1,678,4,Male,70,3,5,Laboratory Technician,1,Married,19329,6650,2,Y,No,20,4,2,80,0,32,4,3,14,0,0,4
45,No,Travel_Rarely,1447,Human Resources,1,4,Life Sciences,1,679,3,Male,70,1,4,Human Resources,1,Single,14564,4811,4,Y,No,20,4,4,80,0,26,0,3,5,2,1,2
48,No,Travel_Rarely,1466,Research & Development,11,3,Life Sciences,1,680,4,Female,78,3,4,Laboratory Technician,4,Married,16331,5486,4,Y,No,24,4,3,80,2,21,4,3,5,0,2,5
43,No,Travel_Rarely,1430,Research & Development,7,3,Medical,1,681,2,Female,33,2,4,Healthcare Representative,4,Divorced,16142,26632,2,Y,Yes,15,3,4,80,1,22,2,2,3,3,1,2
26,No,Travel_Rarely,1133,Research & Development,14,3,Medical,1,682,3,Female,94,3,2,Research Scientist,2,Married,5101,15580,2,Y,No,14,3,4,80,0,7,3,2,1,0,1,1
32,No,Non-Travel,1332,Research & Development,2,2,Medical,1,683,2,Female,39,1,2,Research Director,1,Divorced,4661,11348,6,Y,No,24,4,2,80,2,7,2,3,7,2,1,1
41,No,Travel_Rarely,512,Sales,8,3,Technical Degree,1,684,1,Male,96,3,3,Sales Executive,1,Divorced,9544,8216,5,Y,No,13,3,4,80,0,19,2,3,2,2,0,2
25,No,Travel_Rarely,359,Research & Development,1,4,Life Sciences,1,685,1,Male,39,2,1,Healthcare Representative,3,Married,2622,23006,4,Y,No,13,3,3,80,1,6,3,3,6,2,0,2
43,No,Travel_Rarely,752,Research & Development,2,3,Life Sciences,1,686,4,Male,46,2,4,Laboratory Technician,4,Divorced,15530,12818,4,Y,No,24,4,4,80,0,23,3,3,9,0,1,1
34,No,Non-Travel,1171,Research & Development,8,4,Other,1,687,4,Male,96,3,3,Healthcare Representative,2,Divorced,10423,11894,1,Y,No,13,3,3,80,0,15,2,3,12,1,2,3
33,No,Travel_Rarely,227,Research & Development,13,3,Medical,1,688,1,Male,82,2,1,Research Scientist,3,Married,2178,19559,4,Y,Yes,17,3,3,80,1,6,3,3,6,3,0,0
43,No,Travel_Rarely,1146,Research & Development,3,2,Medical,1,689,1,Male,64,2,4,Healthcare Representative,4,Married,15906,8733,4,Y,No,18,3,2,80,1,23,1,3,7,0,7,0
40,No,Non-Travel,1295,Sales,12,3,Medical,1,690,3,Female,33,2,3,Sales Executive,4,Single,10170,25496,2,Y,Yes,23,4,1,80,1,16,5,2,16,2,0,1
33,No,Travel_Rarely,645,Research & Development,9,3,Medical,1,691,1,Female,97,3,2,Research Director,1,Married,4895,24583,1,Y,No,18,3,3,80,0,13,4,3,1,1,1,1
47,No,Travel_Rarely,556,Sales,3,3,Life Sciences,1,692,2,Female,40,3,4,Manager,1,Married,14647,15539,3,Y,No,12,3,4,80,0,24,2,3,7,7,0,5
27,No,Travel_Rarely,763,Sales,16,2,Marketing,1,693,1,Female,73,1,2,Sales Executive,1,Married,5269,6844,3,Y,No,24,4,4,80,1,8,3,3,8,0,5,7
42,No,Travel_Rarely,1331,Sales,5,3,Marketing,1,694,3,Male,89,2,2,Sales Executive,4,Married,4564,15914,4,Y,Yes,13,3,2,80,1,13,2,3,2,0,2,2
42,No,Travel_Frequently,1458,Research & Development,8,1,Medical,1,695,2,Male,99,3,3,Healthcare Representative,4,Married,10414,4748,3,Y,No,12,3,4,80,0,17,3,2,10,1,0,2
34,No,Travel_Frequently,1146,Research & Development,5,1,Medical,1,696,2,Female,91,3,3,Research Scientist,3,Married,9125,18633,4,Y,No,16,3,4,80,0,14,3,3,11,4,6,5
39,Yes,Travel_Rarely,1019,Research & Development,4,3,Life Sciences,1,697,1,Male,61,3,3,Research Director,1,Divorced,10128,22774,3,Y,Yes,21,4,2,80,1,17,3,3,13,2,0,0
25,Yes,Travel_Rarely,1190,Sales,15,2,Life Sciences,1,698,3,Male,75,3,1,Sales Executive,2,Single,2751,5163,2,Y,Yes,13,3,1,80,1,3,1,3,2,2,2,0
45,No,Travel_Rarely,189,Research & Development,2,4,Life Sciences,1,699,4,Male,52,3,4,Research Scientist,2,Married,14963,20441,3,Y,Yes,16,3,1,80,1,21,6,3,8,5,3,0
35,No,Travel_Rarely,1168,Research & Development,1,3,Life Sciences,1,700,2,Male,66,3,3,Manager,3,Single,9738,23072,2,Y,No,14,3,4,80,1,16,4,3,2,0,2,2
32,No,Travel_Rarely,1266,Research & Development,16,4,Other,1,701,4,Male,87,3,2,Manufacturing Director,2,Single,5847,15807,2,Y,No,23,4,4,80,3,12,4,3,10,4,5,0
46,No,Travel_Rarely,617,Research & Development,13,3,Marketing,1,702,4,Male,72,3,4,Healthcare Representative,1,Divorced,14584,9757,3,Y,No,22,4,2,80,0,22,2,3,4,0,4,1
30,No,Travel_Rarely,601,Research & Development,3,4,Medical,1,703,4,Male,44,3,2,Laboratory Technician,4,Married,4952,8397,2,Y,Yes,25,4,2,80,1,8,2,3,7,1,7,4
24,No,Travel_Frequently,1404,Research & Development,1,2,Medical,1,704,4,Female,96,3,1,Manufacturing Director,2,Married,2348,8236,3,Y,No,20,4,4,80,1,4,3,3,4,0,0,1
22,No,Travel_Rarely,427,Sales,9,4,Life Sciences,1,705,3,Male,31,3,1,Sales Executive,3,Divorced,2776,11762,1,Y,No,25,4,4,80,1,0,4,2,0,0,0,0
42,No,Travel_Rarely,654,Research & Development,1,3,Other,1,706,4,Male,34,3,4,Manufacturing Director,1,Divorced,14889,5849,3,Y,No,20,4,4,80,0,23,5,2,1,1,1,1
25,Yes,Travel_Rarely,989,Research & Development,4,4,Life Sciences,1,707,1,Male,82,3,1,Manufacturing Director,4,Single,1739,17523,2,Y,No,16,3,3,80,1,3,2,3,0,0,0,0
52,No,Travel_Frequently,1097,Research & Development,1,3,Life Sciences,1,708,3,Male,74,3,5,Manufacturing Director,3,Single,18466,2924,6,Y,Yes,23,4,2,80,1,33,3,2,7,0,1,0
18,No,Travel_Rarely,1094,Research & Development,7,1,Medical,1,709,4,Female,70,2,1,Laboratory Technician,4,Married,3782,15719,0,Y,Yes,13,3,3,80,1,0,3,2,0,0,0,0
52,No,Travel_Rarely,1030,Research & Development,1,3,Technical Degree,1,710,4,Female,92,3,5,Research Scientist,3,Single,19248,8668,3,Y,Yes,15,3,2,80,0,32,2,3,0,0,0,0
38,No,Travel_Rarely,1022,Sales,7,1,Technical Degree,1,711,4,Female,61,3,3,Sales Representative,4,Married,9927,15787,3,Y,Yes,18,3,4,80,1,18,2,1,0,0,0,0
36,No,Travel_Frequently,409,Research & Development,8,3,Life Sciences,1,712,4,Male,31,3,3,Research Scientist,4,Married,9630,8215,5,Y,Yes,13,3,2,80,2,16,2,2,4,0,1,4
31,No,Travel_Rarely,758,Sales,5,2,Technical Degree,1,713,4,Male,39,3,2,Sales Executive,3,Divorced,5169,17620,2,Y,Yes,19,3,4,80,2,11,3,3,10,3,0,1
40,No,Travel_Frequently,1432,Research & Development,1,3,Life Sciences,1,714,4,Male,72,2,3,Research Scientist,4,Married,9542,24552,2,Y,No,25,4,2,80,1,20,4,3,1,1,0,1
36,No,Non-Travel,571,Research & Development,1,5,Life Sciences,1,715,4,Male,72,2,3,Manufacturing Director,2,Single,10116,3436,4,Y,No,19,3,4,80,1,17,4,3,2,2,0,2
47,No,Travel_Frequently,1309,Sales,3,3,Technical Degree,1,716,3,Male,96,3,4,Sales Representative,2,Divorced,15360,12450,5,Y,No,23,4,2,80,0,25,3,3,2,2,2,1
37,No,Travel_Rarely,726,Research & Development,5,4,Technical Degree,1,717,4,Male,52,3,3,Research Scientist,1,Married,9097,13030,1,Y,No,17,3,3,80,1,17,2,3,3,2,3,0
38,No,Travel_Rarely,392,Research & Development,8,3,Medical,1,718,4,Male,89,3,3,Research Scientist,3,Divorced,9952,26157,6,Y,No,18,3,3,80,0,18,3,3,1,1,0,1
33,No,Travel_Rarely,350,Research & Development,1,3,Medical,1,719,4,Female,35,2,2,Research Scientist,4,Divorced,3724,14584,4,Y,Yes,19,3,1,80,1,12,4,3,3,3,1,3
36,No,Non-Travel,425,Research & Development,9,4,Marketing,1,720,3,Male,42,4,2,Manufacturing Director,4,Single,5448,25807,0,Y,No,11,3,4,80,0,11,3,3,10,5,2,3
39,No,Travel_Rarely,705,Sales,9,4,Marketing,1,721,2,Female,50,4,3,Sales Representative,1,Married,8954,3938,2,Y,Yes,25,4,3,80,1,17,2,4,7,2,0,5
21,Yes,Travel_Rarely,160,Research & Development,4,4,Technical Degree,1,722,1,Male,87,3,1,Research Scientist,3,Married,2742,15343,1,Y,No,17,3,3,80,1,2,5,3,0,0,0,0
24,Yes,Travel_Rarely,1122,Sales,3,2,Medical,1,723,4,Male,57,3,1,Sales Executive,1,Married,2083,18939,3,Y,No,20,4,4,80,2,1,4,3,1,0,1,1
43,No,Travel_Rarely,370,Sales,14,3,Other,1,724,3,Female,99,3,2,Sales Executive,3,Married,5201,21469,1,Y,No,13,3,4,80,1,13,4,1,5,2,4,1
38,No,Travel_Rarely,1443,Research & Development,12,2,Human Resources,1,725,2,Female,37,3,3,Laboratory Technician,1,Married,10146,25321,3,Y,Yes,16,3,3,80,1,18,5,3,18,3,1,5
35,Yes,Travel_Rarely,195,Sales,29,3,Life Sciences,1,726,1,Male,87,4,2,Sales Representative,4,Divorced,6101,2294,3,Y,Yes,19,3,4,80,1,8,2,1,2,2,2,2
37,No,Travel_Rarely,1379,Research & Development,3,3,Technical Degree,1,727,4,Male,69,2,3,Laboratory Technician,2,Married,8875,18993,3,Y,No,22,4,1,80,0,17,4,3,10,1,0,1
40,Yes,Travel_Frequently,788,Human Resources,18,4,Medical,1,728,4,Male,30,3,3,Human Resources,2,Single,10385,7965,3,Y,Yes,25,4,1,80,0,20,3,3,10,2,0,0
31,No,Travel_Rarely,616,Research & Development,1,4,Life Sciences,1,729,4,Male,94,3,2,Research Scientist,4,Married,5278,15611,5,Y,No,20,4,3,80,0,11,1,3,1,1,0,1
29,No,Travel_Rarely,634,Sales,4,3,Medical,1,730,3,Female,39,3,2,Sales Executive,3,Single,4929,23928,3,Y,No,21,4,2,80,0,8,3,2,8,5,1,0
38,No,Travel_Rarely,1229,Research & Development,5,1,Life Sciences,1,731,2,Female,89,3,3,Research Scientist,1,Divorced,10255,23317,0,Y,No,18,3,3,80,2,19,3,3,5,5,0,1
27,No,Travel_Rarely,503,Research & Development,4,4,Medical,1,732,2,Female,98,4,2,Research Scientist,3,Married,5058,24968,2,Y,No,12,3,2,80,0,8,2,2,8,5,0,3
40,Yes,Travel_Frequently,1068,Research & Development,7,2,Technical Degree,1,733,1,Male,49,3,4,Manufacturing Director,1,Married,15730,21709,2,Y,No,14,3,3,80,1,21,6,3,1,1,1,1
21,Yes,Travel_Rarely,1458,Sales,1,3,Life Sciences,1,734,4,Female,91,3,1,Sales Executive,4,Single,2204,5790,2,Y,Yes,24,4,4,80,0,2,1,3,2,2,2,2
46,No,Travel_Rarely,822,Research & Development,16,1,Medical,1,735,1,Male,42,3,4,Laboratory Technician,3,Single,14920,11561,2,Y,No,21,4,3,80,3,26,5,2,6,6,0,1
41,No,Travel_Rarely,978,Research & Development,6,3,Other,1,736,3,Female,87,3,3,Research Scientist,2,Single,10366,21771,3,Y,No,15,3,4,80,0,20,2,4,3,1,0,0
39,No,Non-Travel,709,Sales,18,5,Medical,1,737,3,Female,66,2,3,Sales Executive,3,Married,10691,25479,2,Y,No,23,4,4,80,0,20,2,2,5,0,1,0
45,Yes,Travel_Rarely,194,Sales,1,1,Life Sciences,1,738,3,Male,39,3,3,Sales Executive,1,Married,9778,20107,2,Y,Yes,20,4,2,80,0,16,2,4,3,1,0,0
52,No,Travel_Frequently,675,Human Resources,7,3,Medical,1,739,4,Male,32,4,5,Manager,4,Divorced,17427,22496,3,Y,No,16,3,2,80,1,33,3,1,8,2,1,5
46,No,Travel_Rarely,1072,Sales,4,3,Medical,1,740,1,Male,63,2,4,Sales Executive,4,Divorced,15180,6583,2,Y,No,23,4,2,80,0,26,2,2,5,5,2,0
20,No,Travel_Rarely,538,Sales,5,4,Medical,1,741,4,Male,63,2,1,Sales Representative,4,Married,2819,26041,2,Y,No,17,3,4,80,1,1,6,2,0,0,0,0
25,No,Travel_Rarely,1135,Sales,10,4,Marketing,1,742,1,Female,59,3,1,Sales Executive,2,Divorced,2660,4110,1,Y,No,21,4,1,80,1,6,3,1,6,6,0,2
31,No,Travel_Frequently,557,Research & Development,2,2,Medical,1,743,1,Male,66,3,2,Laboratory Technician,2,Married,5401,10452,2,Y,Yes,14,3,2,80,0,12,3,3,4,1,0,3
37,No,Travel_Rarely,516,Research & Development,1,1,Marketing,1,744,3,Male,97,4,3,Laboratory Technician,1,Married,9513,3069,7,Y,No,14,3,4,80,0,16,1,3,3,3,0,1
41,No,Non-Travel,1498,Sales,9,3,Medical,1,745,1,Male,63,2,3,Sales Executive,3,Married,10303,23025,2,Y,No,15,3,3,80,1,19,3,3,0,0,0,0
30,No,Travel_Rarely,805,Research & Development,5,3,Life Sciences,1,746,4,Female,61,2,2,Research Scientist,3,Married,4499,9399,1,Y,No,19,3,2,80,0,11,5,2,1,0,1,1
38,No,Travel_Rarely,983,Research & Development,2,3,Medical,1,747,3,Male,87,3,3,Manufacturing Director,3,Single,10542,19337,3,Y,No,19,3,2,80,2,18,2,3,1,1,1,1
30,No,Travel_Rarely,863,Research & Development,5,1,Medical,1,748,1,Female,53,2,2,Laboratory Technician,4,Married,6130,22422,2,Y,Yes,24,4,4,80,0,11,2,3,11,0,3,1
31,No,Travel_Frequently,1320,Sales,4,2,Medical,1,749,1,Female,38,2,2,Sales Representative,1,Married,4652,2303,6,Y,No,11,3,4,80,1,8,3,3,4,4,0,4
24,No,Travel_Rarely,366,Research & Development,9,3,Life Sciences,1,750,3,Female,70,2,1,Laboratory Technician,1,Divorced,2251,15149,1,Y,No,23,4,2,80,1,2,5,3,0,0,0,0
28,No,Non-Travel,608,Research & Development,1,2,Life Sciences,1,751,4,Male,53,2,2,Research Scientist,1,Single,5446,11894,1,Y,No,15,3,3,80,1,9,3,3,1,1,1,1
24,Yes,Non-Travel,747,Research & Development,7,4,Life Sciences,1,752,3,Male,54,2,1,Manufacturing Director,2,Single,2087,2307,0,Y,No,15,3,4,80,0,4,2,2,0,0,0,0
28,No,Non-Travel,998,Research & Development,7,1,Life Sciences,1,753,3,Male,65,4,1,Research Scientist,1,Divorced,2504,24375,3,Y,No,17,3,4,80,2,2,3,3,2,2,1,0
46,No,Travel_Rarely,962,Research & Development,10,2,Medical,1,754,4,Male,37,2,4,Laboratory Technician,3,Married,15961,7876,3,Y,No,18,3,4,80,1,26,5,3,1,1,1,0
28,Yes,Travel_Rarely,790,Research & Development,17,5,Life Sciences,1,755,3,Male,88,3,2,Manufacturing Director,2,Single,5642,9496,2,Y,Yes,13,3,3,80,1,8,1,3,5,5,3,0
60,No,Travel_Frequently,968,Research & Development,4,3,Marketing,1,756,2,Female,64,3,5,Research Director,1,Divorced,19999,2397,3,Y,No,11,3,4,80,1,40,2,2,3,3,0,3
41,No,Travel_Rarely,1224,Sales,3,4,Life Sciences,1,757,3,Male,67,3,3,Sales Representative,4,Single,9902,25754,3,Y,No,12,3,2,80,1,20,2,2,12,4,0,2
38,No,Travel_Rarely,1155,Research & Development,1,2,Life Sciences,1,758,3,Female,61,3,2,Manufacturing Director,2,Married,4833,25478,0,Y,No,16,3,1,80,3,10,1,3,3,2,0,3
29,No,Travel_Rarely,1416,Sales,3,3,Medical,1,759,4,Male,80,3,1,Sales Executive,3,Married,2830,26652,3,Y,No,21,4,4,80,2,0,2,2,0,0,0,0
43,No,Travel_Rarely,588,Sales,1,4,Life Sciences,1,760,3,Female,57,3,4,Manager,2,Divorced,15209,19338,1,Y,No,24,4,3,80,0,21,2,2,9,5,0,0
31,No,Travel_Rarely,129,Research & Development,12,3,Technical Degree,1,761,4,Female,85,3,2,Research Scientist,3,Single,5118,22525,4,Y,No,16,3,4,80,0,11,3,3,4,4,1,3
38,No,Travel_Rarely,1271,Sales,13,4,Life Sciences,1,762,2,Female,37,3,3,Sales Executive,4,Divorced,9785,20333,4,Y,No,21,4,1,80,3,18,2,3,12,7,3,5
60,Yes,Travel_Rarely,389,Research & Development,4,3,Medical,1,763,4,Female,70,3,5,Research Scientist,1,Single,18540,9045,4,Y,Yes,23,4,4,80,0,40,2,3,8,2,1,4
36,No,Travel_Rarely,682,Sales,2,3,Technical Degree,1,764,3,Female,52,3,2,Sales Executive,3,Single,5369,13747,2,Y,No,15,3,2,80,3,7,5,2,4,0,0,3
47,No,Travel_Rarely,1051,Research & Development,1,3,Medical,1,765,3,Female,83,2,4,Manufacturing Director,4,Divorced,14454,4261,6,Y,Yes,21,4,3,80,1,25,2,4,5,3,1,5
30,No,Travel_Rarely,353,Sales,15,3,Life Sciences,1,766,1,Male,52,3,2,Sales Executive,3,Single,4769,8053,3,Y,No,15,3,1,80,0,10,2,2,10,1,2,0
36,No,Travel_Rarely,1287,Research & Development,16,2,Medical,1,767,2,Male,61,3,3,Manufacturing Director,2,Married,9728,20111,0,Y,Yes,19,3,3,80,0,17,2,3,8,2,0,5
53,No,Travel_Rarely,1028,Research & Development,2,3,Medical,1,768,4,Male,39,4,5,Research Scientist,3,Single,17744,4568,4,Y,No,21,4,4,80,1,33,3,4,18,0,0,1
31,No,Travel_Rarely,211,Research & Development,7,3,Other,1,769,4,Male,64,1,1,Healthcare Representative,3,Divorced,3261,15949,2,Y,No,25,4,2,80,1,2,3,3,1,1,1,1
53,No,Travel_Rarely,745,Research & Development,2,3,Technical Degree,1,770,1,Male,92,3,5,Laboratory Technician,4,Married,17868,23518,1,Y,No,17,3,2,80,0,33,4,4,5,5,0,1
43,No,Travel_Rarely,499,Sales,2,4,Life Sciences,1,771,3,Male,96,4,4,Sales Executive,1,Married,15701,4471,0,Y,No,16,3,3,80,0,24,3,3,18,3,6,7
31,No,Travel_Frequently,1396,Research & Development,1,3,Human Resources,1,772,1,Male,65,2,2,Laboratory Technician,1,Married,4424,21889,2,Y,No,25,4,4,80,2,12,4,2,3,0,2,2
42,Yes,Travel_Rarely,1313,Research & Development,6,4,Life Sciences,1,773,4,Male,78,4,4,Laboratory Technician,2,Divorced,15057,23137,2,Y,Yes,21,4,2,80,0,22,3,2,22,2,0,4
45,No,Travel_Frequently,377,Research & Development,1,2,Life Sciences,1,774,4,Male,75,4,3,Research Scientist,2,Married,10111,6369,0,Y,No,17,3,2,80,1,20,2,3,0,0,0,0
42,No,Travel_Rarely,790,Sales,1,3,Marketing,1,775,1,Female,56,3,2,Sales Executive,2,Single,6518,22863,0,Y,No,13,3,2,80,1,9,2,1,9,2,1,9
22,No,Travel_Rarely,348,Research & Development,1,4,Life Sciences,1,776,4,Male,60,3,1,Healthcare Representative,2,Married,2869,14568,2,Y,Yes,23,4,4,80,0,0,3,3,0,0,0,0
30,No,Travel_Rarely,1449,Sales,3,3,Life Sciences,1,777,4,Female,63,3,2,Sales Representative,1,Married,4010,11646,3,Y,No,17,3,2,80,0,8,6,2,0,0,0,0
34,No,Travel_Rarely,1143,Research & Development,8,3,Life Sciences,1,778,2,Male,88,3,2,Manufacturing Director,1,Single,5772,9369,1,Y,No,13,3,1,80,0,13,2,3,13,0,2,7
36,No,Travel_Rarely,509,Research & Development,1,1,Medical,1,779,4,Female,83,3,3,Research Scientist,4,Married,9660,17579,2,Y,No,18,3,4,80,0,15,2,3,2,2,0,2
42,Yes,Travel_Rarely,226,Research & Development,17,3,Marketing,1,780,3,Female,95,3,4,Laboratory Technician,1,Single,15341,2866,3,Y,Yes,20,4,3,80,1,22,4,3,0,0,0,0
38,No,Travel_Rarely,1445,Research & Development,2,2,Medical,1,781,3,Female,59,4,3,Healthcare Representative,2,Single,10134,14063,4,Y,No,20,4,1,80,1,16,2,4,1,1,0,1
24,Yes,Travel_Rarely,254,Research & Development,3,5,Life Sciences,1,782,2,Female,52,3,1,Healthcare Representative,2,Divorced,1464,20310,1,Y,Yes,19,3,4,80,1,4,3,2,4,0,0,1
40,No,Travel_Rarely,759,Research & Development,1,3,Medical,1,783,2,Male,38,4,3,Research Scientist,4,Married,9803,15439,1,Y,Yes,13,3,3,80,1,19,0,3,19,3,2,1
42,No,Non-Travel,121,Sales,2,4,Other,1,784,3,Female,84,2,4,Sales Executive,4,Divorced,15054,9699,2,Y,No,17,3,3,80,0,23,0,3,0,0,0,0
42,No,Travel_Rarely,348,Research & Development,1,3,Marketing,1,785,1,Female,30,2,4,Manufacturing Director,4,Single,16033,3393,3,Y,No,18,3,2,80,0,23,2,2,4,3,2,4
46,No,Travel_Rarely,1472,Research & Development,2,3,Life Sciences,1,786,4,Female,85,3,4,Laboratory Technician,1,Divorced,15736,17947,5,Y,No,13,3,4,80,0,23,3,3,1,0,1,1
44,Yes,Travel_Rarely,1328,Research & Development,15,3,Human Resources,1,787,2,Female,68,3,3,Research Scientist,4,Single,8823,26851,3,Y,Yes,16,3,2,80,0,20,2,3,10,8,5,4
41,No,Travel_Rarely,1134,Research & Development,9,4,Medical,1,788,3,Male,47,3,4,Research Scientist,3,Single,16057,14191,2,Y,No,23,4,2,80,2,21,3,3,0,0,0,0
36,No,Travel_Frequently,632,Research & Development,16,4,Life Sciences,1,789,4,Female,71,2,3,Laboratory Technician,2,Divorced,10069,10431,3,Y,No,24,4,1,80,0,17,2,3,2,2,0,2
21,No,Travel_Rarely,204,Research & Development,1,2,Life Sciences,1,790,3,Male,94,4,1,Healthcare Representative,3,Divorced,1871,7257,3,Y,No,17,3,4,80,0,0,3,3,0,0,0,0
40,No,Travel_Rarely,1371,Research & Development,4,3,Life Sciences,1,791,3,Male,62,3,3,Manager,4,Married,9833,14228,2,Y,No,14,3,3,80,1,18,2,3,6,6,1,0
38,No,Travel_Frequently,698,Research & Development,2,3,Medical,1,792,4,Male,59,3,3,Laboratory Technician,4,Married,10420,3933,1,Y,Yes,16,3,3,80,1,18,3,2,16,4,1,4
39,No,Travel_Rarely,1444,Research & Development,10,1,Life Sciences,1,793,4,Female,34,2,3,Laboratory Technician,4,Married,9071,6688,2,Y,No,17,3,2,80,3,18,4,3,5,1,0,5
25,Yes,Travel_Rarely,452,Research & Development,28,3,Medical,1,794,1,Male,79,3,1,Research Scientist,4,Married,3626,19280,1,Y,No,22,4,3,80,0,5,1,3,0,0,0,0
27,No,Non-Travel,335,Research & Development,13,4,Life Sciences,1,795,3,Male,94,2,2,Laboratory Technician,2,Married,4292,12284,2,Y,Yes,17,3,4,80,0,7,2,3,6,0,1,1
46,No,Travel_Rarely,138,Research & Development,1,3,Technical Degree,1,796,4,Male,39,2,4,Laboratory Technician,3,Married,14825,22428,6,Y,Yes,21,4,2,80,0,22,4,3,12,6,6,0
36,Yes,Travel_Rarely,1470,Human Resources,3,4,Life Sciences,1,797,2,Female,89,3,3,Human Resources,1,Divorced,9234,19796,2,Y,Yes,11,3,4,80,0,17,2,3,1,1,1,1
43,No,Travel_Rarely,393,Research & Development,1,3,Technical Degree,1,798,2,Female,56,2,4,Laboratory Technician,4,Married,16126,18453,7,Y,Yes,12,3,2,80,1,24,3,4,0,0,0,0
37,Yes,Travel_Rarely,118,Sales,1,3,Other,1,799,2,Male,57,2,3,Sales Executive,1,Single,9505,24596,3,Y,No,21,4,4,80,2,18,2,3,1,0,1,1
37,No,Travel_Rarely,191,Research & Development,1,2,Life Sciences,1,800,1,Male,74,3,3,Research Scientist,4,Married,9102,6720,2,Y,No,21,4,1,80,1,18,6,3,10,6,0,1
45,No,Travel_Frequently,1473,Sales,2,4,Medical,1,801,4,Female,81,2,4,Sales Executive,2,Married,15567,14084,1,Y,Yes,11,3,3,80,0,26,5,2,7,4,0,2
32,No,Travel_Rarely,778,Sales,2,4,Life Sciences,1,802,4,Female,95,3,2,Sales Executive,2,Married,5596,12544,2,Y,Yes,19,3,4,80,0,13,0,4,6,6,0,4
37,No,Travel_Frequently,1078,Research & Development,4,3,Technical Degree,1,803,4,Female,91,1,3,Research Scientist,1,Married,10200,5034,3,Y,No,22,4,4,80,2,18,3,3,2,2,2,2
32,No,Non-Travel,354,Human Resources,4,1,Medical,1,804,4,Male,89,3,2,Manager,2,Single,5037,26047,4,Y,No,17,3,2,80,1,13,4,3,3,1,3,2
32,No,Travel_Rarely,918,Research & Development,11,2,Life Sciences,1,805,2,Female,69,3,2,Laboratory Technician,4,Divorced,5352,9492,2,Y,No,21,4,3,80,2,12,2,2,12,2,2,4
34,No,Travel_Rarely,285,Research & Development,1,1,Life Sciences,1,806,1,Male,44,2,3,Laboratory Technician,1,Married,9409,7552,3,Y,No,17,3,1,80,1,15,2,3,2,0,0,2
38,No,Travel_Rarely,391,Sales,1,3,Life Sciences,1,807,4,Male,36,3,3,Sales Representative,3,Single,10804,4146,5,Y,No,13,3,4,80,3,17,2,3,17,5,0,1
32,Yes,Non-Travel,862,Sales,7,4,Other,1,808,2,Male,68,4,2,Manager,1,Single,5886,24932,3,Y,Yes,15,3,3,80,2,11,0,3,6,5,0,0
48,No,Travel_Frequently,1340,Research & Development,6,1,Medical,1,809,2,Male,80,2,5,Manufacturing Director,2,Divorced,19749,14138,0,Y,Yes,12,3,2,80,0,29,4,3,1,1,1,1
28,No,Travel_Rarely,259,Research & Development,1,4,Technical Degree,1,810,4,Female,36,4,2,Healthcare Representative,1,Single,5676,8399,3,Y,No,15,3,1,80,1,7,3,3,4,0,2,4
35,Yes,Travel_Rarely,1024,Research & Development,15,3,Life Sciences,1,811,3,Male,41,2,1,Laboratory Technician,2,Single,3111,10501,2,Y,No,18,3,4,80,1,0,3,2,0,0,0,0
32,No,Travel_Rarely,792,Research & Development,3,3,Life Sciences,1,812,2,Male,43,2,1,Laboratory Technician,4,Single,2053,2879,2,Y,No,23,4,3,80,0,6,2,3,4,4,2,0
50,No,Non-Travel,494,Sales,3,5,Other,1,813,4,Male,63,1,5,Sales Executive,3,Divorced,19479,9073,3,Y,No,20,4,2,80,0,31,3,2,15,1,1,6
38,No,Travel_Rarely,1145,Research & Development,4,1,Life Sciences,1,814,4,Male,68,3,3,Manufacturing Director,2,Married,9868,3729,5,Y,No,13,3,2,80,0,16,4,3,2,1,2,2
46,No,Travel_Rarely,532,Research & Development,3,4,Other,1,815,1,Male,93,3,4,Manufacturing Director,3,Married,16058,16373,2,Y,Yes,14,3,2,80,0,26,3,2,6,1,3,6
23,Yes,Travel_Frequently,1098,Research & Development,6,2,Life Sciences,1,816,4,Male,41,3,1,Laboratory Technician,1,Divorced,3284,25816,2,Y,No,18,3,3,80,0,4,5,2,4,2,0,4
39,No,Travel_Rarely,1106,Research & Development,3,3,Life Sciences,1,817,3,Male,63,3,3,Research Scientist,2,Single,10130,16366,6,Y,Yes,25,4,4,80,1,20,1,2,19,5,2,12
45,No,Travel_Rarely,1193,Research & Development,2,4,Medical,1,818,3,Female,56,3,4,Manufacturing Director,3,Single,14289,12585,1,Y,Yes,12,3,4,80,3,26,3,4,5,5,1,5
37,No,Travel_Rarely,1202,Research & Development,18,4,Other,1,819,4,Female,51,3,3,Research Scientist,2,Single,9746,14038,2,Y,No,11,3,3,80,1,17,3,3,7,0,0,0
46,No,Travel_Rarely,203,Human Resources,2,3,Other,1,820,4,Female,47,3,4,Human Resources,3,Married,14965,5203,0,Y,No,13,3,4,80,0,25,2,3,0,0,0,0
32,No,Travel_Rarely,753,Sales,9,3,Life Sciences,1,821,2,Male,75,4,2,Sales Executive,3,Single,5351,14609,4,Y,No,12,3,3,80,0,10,2,3,2,1,1,0
49,No,Non-Travel,994,Research & Development,3,4,Life Sciences,1,822,2,Female,73,2,5,Manufacturing Director,4,Single,18850,24531,1,Y,No,20,4,2,80,0,30,2,3,2,2,0,2
57,No,Travel_Rarely,686,Sales,4,4,Medical,1,823,1,Female,47,2,5,Sales Representative,4,Married,18934,7098,1,Y,Yes,24,4,4,80,1,38,4,4,0,0,0,0
33,No,Travel_Rarely,308,Sales,2,2,Medical,1,824,3,Female,66,3,3,Sales Representative,1,Single,10075,24234,4,Y,Yes,25,4,2,80,2,14,3,2,2,0,2,2
32,No,Travel_Rarely,314,Sales,11,4,Marketing,1,825,1,Female,36,3,2,Sales Executive,2,Divorced,4940,9539,1,Y,No,12,3,2,80,0,12,3,3,3,3,0,0
50,No,Travel_Rarely,180,Research & Development,10,3,Life Sciences,1,826,3,Male,97,3,2,Healthcare Representative,2,Married,5272,2378,2,Y,No,14,3,4,80,1,12,1,4,12,0,0,5
51,No,Travel_Rarely,1238,Research & Development,1,3,Other,1,827,1,Female,89,2,5,Manufacturing Director,1,Married,18188,13867,1,Y,No,23,4,1,80,1,29,5,3,8,0,2,0
32,No,Travel_Frequently,234,Research & Development,1,3,Medical,1,828,3,Male,77,3,1,Research Scientist,4,Married,2300,12296,6,Y,No,23,4,4,80,0,4,2,1,4,4,0,2
33,No,Travel_Frequently,1322,Research & Development,20,3,Technical Degree,1,829,1,Male,80,3,2,Research Scientist,4,Single,5593,4507,7,Y,No,16,3,4,80,0,12,3,2,12,5,4,6
34,No,Travel_Rarely,1150,Research & Development,17,4,Medical,1,830,4,Male,81,3,3,Research Scientist,3,Married,9061,20121,1,Y,No,20,4,3,80,1,14,4,1,1,1,0,1
24,Yes,Travel_Rarely,573,Research & Development,5,3,Medical,1,831,2,Male,81,2,1,Laboratory Technician,3,Single,3547,9329,6,Y,Yes,20,4,1,80,1,4,2,4,4,4,0,0
28,No,Travel_Rarely,391,Research & Development,5,4,Other,1,832,2,Female,83,3,2,Manufacturing Director,1,Divorced,5784,11413,1,Y,No,15,3,2,80,0,8,3,2,8,3,0,2
27,No,Non-Travel,1381,Sales,13,2,Medical,1,833,4,Male,70,3,2,Sales Representative,3,Married,5039,8429,3,Y,No,14,3,1,80,0,7,0,4,0,0,0,0
29,No,Travel_Rarely,1331,Research & Development,1,4,Technical Degree,1,834,4,Male,71,3,1,Research Scientist,4,Divorced,4599,19121,2,Y,No,18,3,3,80,1,6,1,4,6,4,2,4
36,No,Travel_Frequently,1108,Research & Development,8,4,Other,1,835,2,Female,51,4,3,Research Scientist,3,Divorced,10545,25789,3,Y,No,21,4,4,80,0,16,3,3,0,0,0,0
39,Yes,Travel_Rarely,1193,Human Resources,5,3,Medical,1,836,1,Male,68,3,3,Manager,2,Married,9230,10311,5,Y,No,15,3,3,80,1,20,2,1,1,0,0,1
51,No,Non-Travel,1340,Sales,10,3,Medical,1,837,4,Male,52,1,5,Sales Executive,3,Married,19547,12331,1,Y,No,12,3,3,80,0,29,2,2,1,1,1,1
27,No,Travel_Frequently,735,Sales,1,3,Life Sciences,1,838,3,Female,77,3,1,Sales Executive,2,Divorced,2839,18060,2,Y,Yes,14,3,3,80,0,4,2,3,4,2,0,1
45,No,Travel_Frequently,523,Human Resources,7,4,Life Sciences,1,839,4,Female,62,3,4,Human Resources,3,Divorced,14833,6031,3,Y,No,17,3,3,80,0,25,2,3,8,2,0,8
34,No,Travel_Rarely,659,Research & Development,6,4,Life Sciences,1,840,3,Male,70,3,2,Laboratory Technician,3,Married,4558,6901,4,Y,Yes,14,3,4,80,2,13,1,3,8,6,0,1
36,No,Travel_Rarely,682,Human Resources,14,2,Life Sciences,1,841,2,Female,59,3,3,Human Resources,2,Married,10396,17044,4,Y,No,25,4,2,80,1,17,3,3,6,2,0,3
43,No,Travel_Rarely,640,Research & Development,9,4,Life Sciences,1,842,3,Male,76,2,4,Research Scientist,4,Married,14941,8430,2,Y,Yes,16,3,4,80,2,23,1,4,2,0,1,2
26,No,Travel_Frequently,563,Research & Development,16,3,Life Sciences,1,843,4,Male,86,3,2,Research Scientist,4,Divorced,5138,8618,7,Y,Yes,12,3,3,80,1,7,4,3,7,1,0,5
40,No,Travel_Rarely,1107,Research & Development,17,2,Life Sciences,1,844,4,Male,86,3,4,Manufacturing Director,1,Married,14747,19503,1,Y,No,19,3,2,80,1,21,3,3,4,1,0,4
38,No,Non-Travel,402,Research & Development,4,4,Medical,1,845,1,Male,91,4,3,Laboratory Technician,4,Single,9351,7816,0,Y,No,14,3,2,80,2,17,2,4,1,1,1,1
41,Yes,Travel_Frequently,1413,Research & Development,1,3,Life Sciences,1,846,3,Female,86,3,4,Research Scientist,3,Divorced,15223,19546,3,Y,Yes,23,4,2,80,0,22,4,2,9,2,0,4
39,No,Travel_Rarely,1127,Research & Development,7,4,Life Sciences,1,847,1,Female,97,3,3,Manufacturing Director,4,Married,10032,11224,4,Y,Yes,11,3,3,80,3,17,2,2,1,1,1,1
59,No,Travel_Frequently,1145,Sales,16,2,Medical,1,848,3,Male,54,3,5,Sales Representative,4,Single,17546,6192,3,Y,No,24,4,2,80,2,35,2,2,1,1,1,1
31,No,Travel_Rarely,1055,Research & Development,1,1,Medical,1,849,4,Male,69,3,2,Research Scientist,3,Married,5210,17359,1,Y,No,13,3,4,80,3,12,2,2,12,9,0,1
32,No,Travel_Rarely,1087,Research & Development,6,3,Medical,1,850,2,Female,46,3,2,Laboratory Technician,4,Divorced,4752,26493,1,Y,No,23,4,3,80,2,10,2,3,8,8,1,3
31,No,Travel_Rarely,907,Sales,1,1,Medical,1,851,4,Male,77,3,2,Sales Executive,1,Married,6041,11758,1,Y,Yes,24,4,4,80,1,11,6,3,7,4,1,0
31,No,Travel_Rarely,358,Research & Development,1,4,Marketing,1,852,3,Male,68,4,2,Research Scientist,1,Single,6965,15696,5,Y,No,17,3,1,80,3,12,2,3,4,4,0,4
31,No,Travel_Frequently,554,Research & Development,9,2,Medical,1,853,4,Female,44,3,2,Laboratory Technician,3,Single,4984,12611,1,Y,Yes,24,4,2,80,0,10,4,4,3,3,3,0
47,No,Travel_Rarely,539,Sales,9,3,Medical,1,854,4,Female,46,2,4,Sales Executive,4,Married,14266,18653,3,Y,Yes,24,4,1,80,1,26,3,2,9,9,1,0
49,No,Travel_Rarely,499,Research & Development,7,1,Other,1,855,1,Female,64,3,5,Research Director,4,Married,19170,10189,3,Y,No,20,4,2,80,0,29,0,3,10,7,4,1
31,No,Travel_Rarely,1278,Research & Development,15,2,Technical Degree,1,856,2,Male,62,1,1,Healthcare Representative,3,Married,2676,16711,4,Y,No,19,3,4,80,1,6,5,2,5,5,4,0
29,No,Travel_Frequently,750,Sales,1,4,Medical,1,857,3,Female,47,2,2,Sales Executive,3,Married,6382,19621,2,Y,No,16,3,1,80,1,9,6,3,9,4,0,2
41,No,Travel_Rarely,323,Research & Development,1,2,Medical,1,858,1,Male,59,3,2,Healthcare Representative,2,Divorced,6199,24371,4,Y,No,24,4,3,80,1,11,5,3,11,6,0,2
31,No,Travel_Frequently,237,Research & Development,15,3,Life Sciences,1,859,3,Male,66,3,2,Laboratory Technician,4,Divorced,5719,25819,2,Y,No,24,4,1,80,2,11,3,4,4,3,0,4
42,No,Travel_Rarely,727,Sales,5,4,Medical,1,860,3,Male,36,3,4,Sales Executive,2,Married,14947,21988,5,Y,No,23,4,3,80,0,23,2,3,13,1,4,12
38,No,Travel_Rarely,877,Sales,2,3,Other,1,861,4,Male,57,1,3,Sales Executive,4,Single,10206,22540,3,Y,No,24,4,4,80,1,18,2,2,6,1,4,5
23,No,Travel_Rarely,1404,Research & Development,10,4,Medical,1,862,3,Male,47,3,1,Research Scientist,3,Single,2959,9891,4,Y,No,14,3,3,80,0,4,3,3,4,4,1,0
51,No,Travel_Rarely,686,Research & Development,17,1,Other,1,863,4,Male,76,3,5,Manufacturing Director,3,Divorced,19244,3044,4,Y,No,12,3,4,80,0,30,2,2,0,0,0,0
53,No,Travel_Frequently,586,Research & Development,9,2,Life Sciences,1,864,4,Male,52,4,5,Laboratory Technician,3,Married,18165,6530,4,Y,No,19,3,2,80,1,32,3,2,6,4,0,2
31,No,Travel_Rarely,1370,Research & Development,12,4,Human Resources,1,865,4,Female,49,3,2,Laboratory Technician,4,Married,5837,4838,3,Y,No,22,4,4,80,1,11,4,3,11,2,3,2
33,No,Travel_Frequently,1143,Research & Development,2,4,Medical,1,866,2,Male,60,3,3,Research Director,3,Married,9864,18208,0,Y,Yes,24,4,4,80,0,14,2,2,11,2,6,2
39,No,Travel_Rarely,978,Research & Development,2,3,Life Sciences,1,867,3,Male,43,2,3,Research Scientist,4,Single,9739,26790,0,Y,No,18,3,3,80,0,19,2,3,12,9,0,1
39,Yes,Travel_Rarely,1268,Human Resources,15,3,Medical,1,868,2,Male,52,3,3,Human Resources,1,Married,9439,23148,2,Y,Yes,17,3,3,80,0,20,5,3,1,1,0,1
42,No,Non-Travel,602,Research & Development,7,3,Life Sciences,1,869,3,Male,31,3,4,Research Scientist,3,Married,14823,4014,1,Y,No,12,3,4,80,1,21,2,3,3,3,0,1
55,Yes,Travel_Frequently,194,Research & Development,2,1,Life Sciences,1,870,2,Female,58,4,5,Healthcare Representative,4,Married,19290,11970,1,Y,Yes,12,3,3,80,1,33,2,1,2,1,0,2
35,No,Travel_Rarely,380,Research & Development,5,4,Marketing,1,871,4,Male,79,1,2,Manufacturing Director,4,Single,4150,24090,8,Y,No,18,3,4,80,0,8,0,4,2,2,2,1
29,No,Travel_Rarely,1083,Sales,9,3,Life Sciences,1,872,3,Female,88,3,2,Sales Executive,4,Married,5673,8513,4,Y,No,19,3,3,80,1,10,2,3,6,2,1,6
24,Yes,Travel_Rarely,722,Research & Development,1,3,Marketing,1,873,3,Male,62,3,1,Manufacturing Director,1,Married,2167,11254,5,Y,Yes,19,3,2,80,0,4,2,3,3,1,2,3
30,No,Travel_Rarely,1413,Research & Development,8,4,Life Sciences,1,874,4,Male,77,2,2,Laboratory Technician,1,Married,3964,8266,4,Y,No,18,3,4,80,1,9,1,3,6,0,1,1
36,No,Travel_Frequently,577,Sales,1,3,Life Sciences,1,875,1,Female,73,3,2,Sales Representative,3,Married,6293,8024,3,Y,No,11,3,3,80,0,11,0,3,4,3,0,4
53,No,Travel_Frequently,983,Research & Development,2,2,Other,1,876,3,Female,41,4,5,Laboratory Technician,1,Single,18585,5902,2,Y,No,15,3,3,80,3,32,3,3,2,1,0,2
32,No,Travel_Rarely,773,Research & Development,8,4,Life Sciences,1,877,4,Male,71,3,2,Laboratory Technician,4,Married,4766,15066,3,Y,No,17,3,3,80,0,13,2,3,0,0,0,0
38,No,Non-Travel,902,Research & Development,1,4,Medical,1,878,1,Female,64,4,3,Research Director,2,Married,10480,13601,2,Y,No,20,4,2,80,1,18,0,1,17,1,2,3
36,No,Travel_Rarely,272,Research & Development,2,3,Medical,1,879,3,Male,70,2,3,Research Scientist,3,Single,10912,16750,1,Y,Yes,16,3,4,80,1,15,4,3,0,0,0,0
47,Yes,Travel_Rarely,473,Research & Development,16,2,Medical,1,880,2,Female,84,3,4,Research Scientist,1,Married,14380,6832,2,Y,No,21,4,4,80,0,25,3,3,0,0,0,0
60,No,Travel_Rarely,833,Research & Development,8,2,Technical Degree,1,881,4,Female,42,3,5,Manufacturing Director,3,Married,18526,24973,2,Y,Yes,22,4,4,80,0,37,2,3,13,13,0,4
32,No,Travel_Rarely,286,Research & Development,5,3,Medical,1,882,2,Female,68,3,2,Manager,2,Divorced,4670,19582,3,Y,Yes,11,3,2,80,0,13,4,2,13,3,0,2
32,No,Travel_Rarely,1040,Research & Development,1,3,Life Sciences,1,883,2,Female,95,4,1,Laboratory Technician,1,Married,3360,15698,6,Y,Yes,20,4,3,80,1,6,2,3,6,0,2,2
46,No,Travel_Rarely,936,Sales,3,4,Technical Degree,1,884,3,Male,64,2,4,Sales Executive,2,Married,16283,22867,2,Y,No,25,4,4,80,0,27,2,3,0,0,0,0
43,No,Travel_Rarely,310,Human Resources,6,4,Life Sciences,1,885,1,Female,62,3,3,Human Resources,3,Married,9151,15902,5,Y,No,16,3,3,80,1,14,5,3,2,2,1,0
53,Yes,Travel_Rarely,1095,Sales,1,4,Medical,1,886,2,Male,65,3,5,Sales Executive,4,Single,19948,12791,2,Y,Yes,14,3,3,80,1,30,2,2,27,6,4,1
42,Yes,Travel_Frequently,901,Sales,5,3,Other,1,887,3,Male,42,2,4,Sales Executive,2,Single,14874,15128,1,Y,Yes,13,3,4,80,0,21,4,3,12,5,1,0
33,No,Travel_Rarely,1454,Research & Development,4,4,Medical,1,888,2,Male,85,3,2,Manufacturing Director,3,Single,5401,5978,2,Y,No,14,3,3,80,0,11,4,3,6,0,1,0
42,No,Travel_Rarely,1486,Human Resources,5,3,Marketing,1,889,3,Male,75,3,4,Manager,4,Single,14537,2826,5,Y,Yes,18,3,3,80,2,23,2,3,2,2,0,1
47,No,Travel_Frequently,470,Research & Development,1,2,Medical,1,890,3,Female,75,3,5,Laboratory Technician,4,Married,19026,18135,2,Y,Yes,21,4,1,80,0,28,0,3,0,0,0,0
44,Yes,Non-Travel,1231,Sales,1,1,Technical Degree,1,891,3,Male,73,3,4,Sales Executive,4,Married,15233,20059,7,Y,Yes,16,3,1,80,0,25,1,3,0,0,0,0
41,No,Non-Travel,825,Human Resources,26,3,Other,1,892,3,Male,75,3,4,Human Resources,4,Divorced,15110,22157,4,Y,No,19,3,1,80,1,22,1,4,7,7,0,4
46,Yes,Travel_Rarely,1450,Sales,29,4,Life Sciences,1,893,2,Male,98,3,4,Sales Executive,3,Divorced,15530,22330,3,Y,No,15,3,4,80,0,26,4,4,0,0,0,0
47,No,Travel_Rarely,1357,Human Resources,4,2,Life Sciences,1,894,1,Male,60,2,5,Manager,4,Married,18495,20905,4,Y,No,21,4,3,80,1,28,2,1,28,1,1,3
49,Yes,Travel_Rarely,1106,Research & Development,12,2,Medical,1,895,4,Female,53,3,4,Laboratory Technician,1,Single,14769,18801,1,Y,No,19,3,3,80,0,26,0,4,1,1,1,1
42,No,Travel_Rarely,938,Research & Development,8,5,Medical,1,896,4,Male,61,2,4,Laboratory Technician,3,Married,15562,5793,3,Y,No,14,3,4,80,3,22,3,2,9,4,5,1
35,No,Non-Travel,1374,Research & Development,1,1,Life Sciences,1,897,2,Female,96,3,3,Manufacturing Director,4,Married,10605,7275,2,Y,No,24,4,3,80,1,14,2,2,1,0,1,1
38,No,Travel_Rarely,1442,Research & Development,2,4,Life Sciences,1,898,3,Female,45,2,3,Laboratory Technician,3,Married,9786,25791,1,Y,No,25,4,3,80,3,17,2,3,6,1,3,6
47,Yes,Travel_Rarely,365,Research & Development,3,3,Life Sciences,1,899,3,Female,86,1,5,Manufacturing Director,4,Married,19402,10647,2,Y,No,22,4,2,80,0,28,2,3,0,0,0,0
29,Yes,Travel_Rarely,1388,Research & Development,7,1,Other,1,900,3,Male,53,2,2,Research Scientist,4,Single,5654,20578,3,Y,Yes,14,3,4,80,0,10,3,3,10,0,1,1
40,No,Travel_Rarely,783,Human Resources,6,4,Medical,1,901,3,Female,63,3,3,Manager,2,Single,10298,15062,2,Y,Yes,16,3,1,80,2,20,0,3,6,0,3,4
33,No,Travel_Frequently,1014,Research & Development,20,2,Life Sciences,1,902,1,Male,81,3,2,Manager,4,Married,4627,12178,3,Y,No,24,4,1,80,0,11,2,4,0,0,0,0
37,No,Travel_Rarely,171,Sales,12,3,Life Sciences,1,903,4,Female,77,3,3,Sales Executive,3,Married,9333,15374,2,Y,No,23,4,2,80,1,16,1,2,14,10,2,0
48,Yes,Travel_Rarely,1359,Sales,15,2,Life Sciences,1,904,1,Male,82,2,5,Manager,2,Divorced,18685,4848,4,Y,No,20,4,2,80,0,29,3,2,6,6,5,2
38,No,Travel_Rarely,533,Sales,17,1,Life Sciences,1,905,3,Male,84,3,3,Sales Executive,4,Married,10957,19950,2,Y,No,21,4,2,80,3,15,2,4,15,3,0,1
37,No,Travel_Rarely,1179,Human Resources,12,1,Life Sciences,1,906,4,Male,67,3,3,Human Resources,3,Single,10104,19584,0,Y,No,17,3,3,80,0,18,0,2,18,3,0,1
24,No,Travel_Rarely,271,Research & Development,3,2,Technical Degree,1,907,3,Female,31,3,1,Manufacturing Director,4,Married,3077,12712,2,Y,Yes,24,4,2,80,1,2,3,3,2,1,2,2
43,No,Travel_Rarely,137,Human Resources,1,1,Human Resources,1,908,1,Male,98,3,4,Human Resources,3,Single,15519,17911,0,Y,No,12,3,3,80,1,23,3,3,0,0,0,0
42,No,Travel_Rarely,360,Sales,6,4,Life Sciences,1,909,4,Male,82,3,3,Sales Executive,2,Married,9007,3897,1,Y,No,14,3,1,80,0,20,2,3,1,1,1,1
56,No,Travel_Frequently,352,Research & Development,9,3,Life Sciences,1,910,4,Male,79,3,5,Laboratory Technician,4,Married,19999,10366,1,Y,No,25,4,1,80,0,31,3,3,31,0,2,3
34,No,Non-Travel,114,Research & Development,3,3,Life Sciences,1,911,4,Female,58,2,2,Research Scientist,3,Married,5487,25135,0,Y,No,23,4,3,80,2,12,2,2,5,2,4,0
38,No,Non-Travel,772,Sales,15,3,Medical,1,912,3,Female,84,1,3,Sales Executive,3,Married,10233,17762,4,Y,No,18,3,4,80,1,18,3,3,2,2,2,1
39,Yes,Non-Travel,642,Research & Development,25,4,Life Sciences,1,913,1,Male,90,3,3,Research Scientist,1,Married,8740,9000,1,Y,Yes,19,3,4,80,1,20,3,2,11,0,0,2
51,No,Travel_Rarely,158,Research & Development,6,4,Life Sciences,1,914,4,Female,79,3,5,Healthcare Representative,4,Single,19567,23833,6,Y,No,15,3,4,80,1,28,4,3,2,2,2,2
36,No,Travel_Rarely,1105,Sales,4,4,Life Sciences,1,915,3,Male,45,2,3,Sales Executive,1,Married,9586,14025,1,Y,Yes,16,3,3,80,0,16,3,2,10,3,0,1
39,No,Travel_Rarely,1286,Research & Development,14,4,Marketing,1,916,4,Male,99,3,3,Research Scientist,4,Married,9006,5082,2,Y,No,20,4,3,80,1,20,2,3,14,6,0,0
42,No,Travel_Frequently,538,Research & Development,1,3,Medical,1,917,2,Female,73,3,3,Laboratory Technician,2,Single,9227,9298,2,Y,No,22,4,3,80,1,20,4,3,11,1,1,2
38,No,Non-Travel,879,Sales,1,3,Medical,1,918,2,Male,45,3,3,Sales Executive,3,Single,9041,15122,4,Y,No,17,3,3,80,1,19,3,4,2,1,0,2
32,No,Travel_Frequently,331,Research & Development,14,3,Life Sciences,1,919,4,Male,57,3,2,Research Director,4,Divorced,4430,24254,1,Y,No,17,3,1,80,0,13,6,3,4,3,0,4
38,Yes,Travel_Rarely,932,Research & Development,10,3,Technical Degree,1,920,3,Male,86,2,3,Manufacturing Director,1,Single,9836,10610,5,Y,No,25,4,3,80,3,14,1,3,4,4,0,1
46,No,Non-Travel,942,Research & Development,4,3,Other,1,921,1,Male,55,3,4,Laboratory Technician,3,Single,15067,4455,5,Y,No,13,3,2,80,0,26,3,4,5,1,0,3
27,No,Travel_Rarely,1318,Research & Development,17,3,Life Sciences,1,922,2,Male,40,2,2,Healthcare Representative,4,Single,5400,19712,2,Y,No,23,4,3,80,0,8,3,3,1,1,0,1
38,No,Travel_Rarely,721,Sales,3,5,Life Sciences,1,923,3,Male,30,3,3,Sales Executive,4,Divorced,10805,18580,2,Y,No,12,3,3,80,2,16,3,3,4,4,1,2
30,No,Travel_Rarely,458,Research & Development,8,4,Medical,1,924,1,Male,98,1,1,Research Scientist,3,Divorced,2722,16868,1,Y,No,20,4,1,80,1,6,6,3,5,5,3,5
47,No,Travel_Rarely,453,Research & Development,8,3,Life Sciences,1,925,3,Male,72,3,5,Laboratory Technician,3,Married,17753,7006,3,Y,No,18,3,2,80,0,28,3,3,5,0,4,5
22,Yes,Travel_Rarely,966,Research & Development,1,4,Medical,1,926,3,Male,75,3,1,Research Director,4,Married,2654,2840,2,Y,Yes,19,3,1,80,1,1,3,3,1,1,1,0
31,No,Travel_Rarely,1383,Research & Development,2,2,Medical,1,927,4,Male,65,3,2,Laboratory Technician,4,Married,5916,16467,4,Y,No,21,4,4,80,1,9,2,2,5,0,1,1
40,No,Travel_Rarely,723,Sales,19,1,Medical,1,928,2,Male,95,2,4,Sales Executive,4,Single,15248,7002,3,Y,No,18,3,1,80,0,21,2,3,2,2,2,0
51,Yes,Travel_Rarely,736,Sales,1,3,Life Sciences,1,929,4,Female,86,2,5,Sales Executive,2,Single,19999,5785,3,Y,Yes,18,3,2,80,1,31,2,3,8,8,0,0
36,Yes,Travel_Frequently,1066,Research & Development,1,3,Medical,1,930,1,Male,35,2,3,Research Scientist,4,Single,10071,13771,6,Y,Yes,25,4,4,80,0,17,1,4,12,0,0,9
31,No,Travel_Rarely,729,Research & Development,5,1,Other,1,931,3,Female,91,3,2,Laboratory Technician,3,Married,4097,5158,4,Y,Yes,12,3,3,80,0,9,2,3,3,3,2,3
54,No,Travel_Rarely,394,Research & Development,1,4,Life Sciences,1,932,1,Female,56,3,5,Manufacturing Director,1,Single,19165,23890,3,Y,No,21,4,1,80,0,31,2,3,8,0,2,0
23,No,Travel_Frequently,930,Research & Development,18,3,Medical,1,933,4,Female,55,3,1,Research Scientist,2,Divorced,2978,3813,5,Y,No,14,3,2,80,1,4,3,3,1,1,1,1
18,No,Non-Travel,335,Sales,1,3,Life Sciences,1,934,4,Male,42,2,1,Manager,1,Married,3448,20680,4,Y,No,16,3,1,80,0,0,3,3,0,0,0,0
40,No,Travel_Rarely,1421,Research & Development,7,1,Life Sciences,1,935,4,Male,47,2,3,Healthcare Representative,1,Single,10891,23629,7,Y,Yes,18,3,2,80,2,18,3,3,18,0,0,1
32,No,Travel_Rarely,638,Research & Development,3,2,Medical,1,936,3,Male,67,2,2,Manufacturing Director,2,Married,5744,8120,1,Y,No,23,4,1,80,1,12,3,4,12,1,4,4
27,Yes,Travel_Rarely,906,Research & Development,13,4,Life Sciences,1,937,3,Female,35,3,1,Healthcare Representative,1,Divorced,3064,12822,6,Y,Yes,12,3,3,80,0,6,3,4,6,6,2,6
43,No,Travel_Rarely,1335,Sales,7,3,Life Sciences,1,938,4,Male,57,3,4,Sales Executive,4,Divorced,15705,16167,2,Y,No,22,4,4,80,1,24,2,3,9,0,3,0
39,No,Travel_Rarely,640,Human Resources,3,4,Life Sciences,1,939,4,Female,34,3,3,Human Resources,1,Single,9699,9831,3,Y,No,18,3,3,80,1,14,4,2,14,1,3,0
31,Yes,Travel_Frequently,953,Research & Development,29,5,Medical,1,940,4,Female,88,3,2,Manufacturing Director,2,Single,4322,23930,1,Y,Yes,11,3,3,80,1,11,1,3,11,0,0,0
25,No,Travel_Rarely,279,Sales,1,3,Medical,1,941,3,Male,74,2,1,Sales Representative,1,Divorced,2824,9278,3,Y,No,21,4,2,80,0,4,6,4,4,4,0,1
44,Yes,Travel_Frequently,657,Research & Development,6,2,Life Sciences,1,942,4,Male,82,2,4,Healthcare Representative,1,Single,15519,3883,0,Y,Yes,16,3,2,80,0,23,3,3,6,4,0,1
42,No,Travel_Frequently,1197,Research & Development,29,4,Medical,1,943,1,Female,31,3,4,Research Scientist,2,Married,14577,16669,2,Y,No,18,3,4,80,2,21,2,3,4,4,0,2
36,Yes,Non-Travel,1347,Sales,9,5,Life Sciences,1,944,2,Male,78,3,2,Manager,3,Single,5995,15780,3,Y,No,18,3,1,80,0,13,2,3,0,0,0,0
53,No,Travel_Rarely,1049,Sales,10,3,Medical,1,945,1,Male,92,3,5,Sales Executive,4,Married,19703,16445,2,Y,No,22,4,4,80,0,32,0,3,4,0,1,4
27,No,Non-Travel,924,Sales,1,4,Life Sciences,1,946,2,Female,99,2,1,Sales Representative,4,Married,1976,2353,3,Y,Yes,21,4,3,80,1,3,2,4,3,3,3,2
22,No,Travel_Rarely,329,Research & Development,1,4,Medical,1,947,4,Male,87,1,1,Manager,4,Divorced,3619,20396,2,Y,Yes,17,3,4,80,0,1,2,3,1,0,1,1
30,No,Travel_Rarely,1358,Research & Development,1,3,Human Resources,1,948,4,Female,33,2,2,Research Scientist,1,Single,5015,24982,1,Y,No,17,3,2,80,3,11,3,3,11,2,2,7
36,Yes,Travel_Rarely,1393,Sales,29,3,Other,1,949,4,Female,59,1,2,Sales Executive,2,Married,4732,23996,2,Y,Yes,24,4,2,80,2,11,2,3,0,0,0,0
39,No,Travel_Rarely,355,Research & Development,29,4,Life Sciences,1,950,3,Female,86,2,3,Research Scientist,1,Married,10447,25081,5,Y,No,21,4,4,80,1,18,3,3,5,3,0,1
34,No,Travel_Frequently,776,Research & Development,3,3,Technical Degree,1,951,3,Male,76,3,2,Laboratory Technician,4,Married,5169,16328,0,Y,No,20,4,4,80,1,12,4,3,0,0,0,0
40,No,Travel_Rarely,107,Research & Development,2,1,Life Sciences,1,952,4,Male,47,2,2,Laboratory Technician,1,Married,6339,26653,1,Y,Yes,21,4,2,80,1,11,3,3,1,0,0,1
25,Yes,Travel_Rarely,148,Sales,1,3,Other,1,953,3,Male,73,2,1,Sales Executive,3,Married,2288,17360,1,Y,Yes,22,4,4,80,1,6,2,3,6,6,3,0
50,No,Travel_Rarely,984,Research & Development,3,2,Life Sciences,1,954,4,Male,81,3,5,Research Director,2,Single,18061,9346,2,Y,No,19,3,1,80,1,30,1,2,5,5,5,1
36,No,Travel_Rarely,681,Research & Development,3,2,Life Sciences,1,955,3,Male,78,3,3,Manufacturing Director,2,Married,9631,25708,4,Y,No,12,3,1,80,0,17,0,3,11,0,1,2
47,No,Travel_Rarely,355,Sales,11,4,Life Sciences,1,956,4,Male,59,4,4,Sales Executive,4,Married,15773,2193,3,Y,No,23,4,3,80,3,26,3,3,0,0,0,0
40,No,Travel_Frequently,160,Research & Development,16,1,Life Sciences,1,957,3,Male,81,3,3,Healthcare Representative,4,Married,9243,5999,1,Y,No,11,3,4,80,2,17,3,4,4,4,0,0
41,No,Travel_Rarely,661,Research & Development,10,2,Medical,1,958,4,Male,66,3,3,Manager,4,Divorced,9001,17184,1,Y,No,22,4,4,80,3,14,3,2,8,6,2,2
42,No,Travel_Rarely,1116,Research & Development,8,3,Other,1,959,2,Female,92,2,4,Research Scientist,3,Married,15437,4436,1,Y,Yes,12,3,3,80,1,22,1,3,1,1,0,1
41,No,Travel_Rarely,1316,Research & Development,11,3,Medical,1,960,2,Male,41,3,3,Manager,4,Married,8921,10185,2,Y,No,24,4,1,80,0,19,2,2,3,1,0,3
42,No,Travel_Rarely,366,Research & Development,10,3,Medical,1,961,4,Male,46,2,3,Research Scientist,3,Married,9984,21711,4,Y,No,24,4,3,80,0,17,4,3,0,0,0,0
49,Yes,Travel_Rarely,1268,Research & Development,5,2,Marketing,1,962,3,Female,63,1,5,Healthcare Representative,4,Single,18895,7118,3,Y,Yes,13,3,2,80,0,28,3,4,8,1,2,0
38,No,Travel_Rarely,347,Sales,3,2,Life Sciences,1,963,4,Female,57,4,3,Sales Executive,2,Single,10096,13535,1,Y,No,25,4,3,80,0,19,6,3,19,4,2,0
43,No,Non-Travel,1341,Research & Development,2,2,Life Sciences,1,964,2,Male,33,3,4,Research Scientist,3,Married,14469,15849,1,Y,Yes,19,3,3,80,0,22,6,3,13,0,1,5
36,No,Travel_Rarely,538,Sales,9,3,Life Sciences,1,965,2,Male,75,4,2,Sales Executive,4,Married,5978,18805,1,Y,Yes,20,4,1,80,1,9,4,3,9,0,2,3
50,No,Travel_Rarely,789,Research & Development,25,2,Life Sciences,1,966,4,Male,43,3,4,Manufacturing Director,3,Married,15190,11637,1,Y,No,23,4,3,80,1,21,2,2,14,0,3,1
30,No,Travel_Rarely,577,Research & Development,6,4,Life Sciences,1,967,3,Female,42,3,2,Laboratory Technician,4,Single,5658,4383,0,Y,No,17,3,3,80,0,9,2,3,9,5,7,0
53,Yes,Travel_Frequently,1039,Research & Development,19,3,Life Sciences,1,968,3,Female,87,3,5,Research Scientist,4,Single,19675,19843,6,Y,Yes,15,3,4,80,1,29,2,3,6,3,5,1
36,No,Travel_Rarely,979,Research & Development,1,1,Life Sciences,1,969,2,Female,78,3,3,Manufacturing Director,3,Married,9105,13448,5,Y,No,15,3,3,80,0,17,6,3,5,4,3,2
23,No,Travel_Rarely,758,Sales,12,4,Life Sciences,1,970,2,Male,79,3,1,Sales Representative,3,Married,3329,13385,1,Y,No,16,3,1,80,1,4,2,4,4,4,2,0
38,No,Travel_Frequently,648,Research & Development,15,3,Technical Degree,1,971,3,Male,96,4,2,Laboratory Technician,3,Married,4344,19886,1,Y,No,12,3,2,80,3,12,3,3,12,6,1,12
30,No,Travel_Rarely,516,Research & Development,7,3,Life Sciences,1,972,1,Male,50,1,2,Research Scientist,4,Married,4377,11796,4,Y,No,11,3,2,80,1,11,6,3,1,1,0,0
44,No,Travel_Rarely,1257,Sales,21,2,Medical,1,973,4,Female,80,3,4,Sales Executive,3,Single,16478,2313,0,Y,Yes,21,4,1,80,0,25,4,4,0,0,0,0
30,No,Travel_Rarely,499,Sales,7,3,Medical,1,974,4,Female,67,3,2,Sales Executive,1,Married,5867,8501,3,Y,No,11,3,3,80,1,10,3,4,10,2,3,7
32,No,Travel_Rarely,1278,Sales,2,4,Medical,1,975,1,Female,55,2,2,Sales Representative,3,Married,6444,12454,2,Y,No,13,3,4,80,1,11,2,3,0,0,0,0
19,Yes,Travel_Rarely,269,Research & Development,1,4,Life Sciences,1,976,3,Male,35,3,1,Healthcare Representative,1,Married,2577,17499,4,Y,Yes,11,3,3,80,1,0,2,2,0,0,0,0
32,No,Travel_Rarely,904,Sales,6,2,Life Sciences,1,977,3,Male,47,3,2,Sales Executive,4,Divorced,5261,15685,0,Y,Yes,19,3,3,80,3,13,3,3,10,0,1,4
18,Yes,Travel_Rarely,331,Research & Development,18,3,Life Sciences,1,978,1,Male,35,2,1,Laboratory Technician,2,Divorced,3116,5333,4,Y,Yes,20,4,3,80,0,0,5,3,0,0,0,0
22,No,Travel_Rarely,804,Research & Development,1,3,Life Sciences,1,979,2,Female,70,2,1,Healthcare Representative,3,Married,2792,19747,1,Y,Yes,23,4,2,80,0,0,5,1,0,0,0,0
43,No,Travel_Rarely,245,Research & Development,7,4,Life Sciences,1,980,3,Female,86,3,4,Laboratory Technician,4,Married,14852,9636,2,Y,No,25,4,4,80,0,23,2,2,13,3,1,2
44,No,Non-Travel,169,Research & Development,11,4,Medical,1,981,4,Male,79,3,4,Healthcare Representative,1,Married,14762,14661,1,Y,No,23,4,4,80,1,24,2,2,2,2,1,2
40,No,Travel_Frequently,1119,Research & Development,1,1,Medical,1,982,3,Male,54,3,3,Manufacturing Director,1,Single,9928,22295,5,Y,No,23,4,3,80,1,18,3,3,11,1,6,3
28,No,Travel_Frequently,199,Research & Development,1,2,Medical,1,983,3,Male,77,2,2,Healthcare Representative,3,Married,4559,25667,5,Y,No,25,4,2,80,0,7,3,3,7,3,0,2
36,No,Travel_Rarely,108,Sales,3,3,Medical,1,984,4,Male,53,1,3,Sales Executive,2,Single,9143,8951,4,Y,No,15,3,4,80,0,16,1,3,2,2,1,2
36,No,Travel_Rarely,916,Research & Development,2,1,Life Sciences,1,985,4,Female,59,4,3,Laboratory Technician,2,Single,10036,2161,4,Y,No,19,3,1,80,1,16,2,2,0,0,0,0
26,No,Travel_Rarely,278,Research & Development,1,3,Technical Degree,1,986,3,Male,74,4,1,Manager,4,Divorced,2742,11957,4,Y,No,15,3,4,80,3,6,5,3,1,1,1,1
50,No,Travel_Rarely,1331,Research & Development,1,2,Life Sciences,1,987,4,Female,72,3,5,Laboratory Technician,4,Married,19662,25703,4,Y,Yes,11,3,4,80,0,31,5,3,1,1,1,1
44,No,Non-Travel,400,Sales,1,3,Marketing,1,988,2,Male,85,4,4,Sales Executive,4,Divorced,15045,23861,2,Y,No,21,4,1,80,0,24,3,2,0,0,0,0
34,No,Travel_Rarely,330,Research & Development,7,4,Marketing,1,989,4,Female,99,3,2,Research Scientist,4,Divorced,4851,4106,6,Y,No,22,4,4,80,1,13,3,3,10,5,10,4
37,No,Travel_Rarely,997,Research & Development,9,5,Medical,1,990,3,Male,62,2,3,Manufacturing Director,2,Married,10054,21547,1,Y,Yes,17,3,4,80,0,15,2,3,3,3,1,3
38,No,Travel_Rarely,732,Sales,9,3,Life Sciences,1,991,4,Female,74,2,3,Sales Executive,2,Married,9312,26144,3,Y,No,17,3,4,80,1,16,3,3,16,0,0,3
18,No,Travel_Rarely,371,Sales,6,3,Medical,1,992,3,Male,36,4,1,Sales Executive,2,Married,2405,2384,3,Y,No,14,3,3,80,1,0,1,3,0,0,0,0
34,No,Travel_Rarely,182,Research & Development,24,4,Life Sciences,1,993,2,Male,47,3,2,Research Scientist,4,Married,4828,8406,1,Y,No,13,3,2,80,1,12,2,2,4,0,0,3
30,No,Travel_Rarely,1313,Sales,16,2,Life Sciences,1,994,3,Male,99,3,2,Sales Executive,3,Married,5074,26205,4,Y,No,11,3,3,80,2,11,0,3,7,0,2,0
27,No,Travel_Rarely,921,Sales,25,3,Life Sciences,1,995,2,Male,74,3,2,Sales Representative,2,Single,6263,5773,1,Y,No,17,3,3,80,0,7,2,2,7,3,6,7
34,No,Travel_Frequently,602,Sales,3,3,Life Sciences,1,996,4,Male,66,3,2,Sales Executive,2,Married,4373,22388,5,Y,No,15,3,2,80,1,12,4,2,5,5,3,0
53,No,Travel_Rarely,807,Research & Development,16,2,Medical,1,997,3,Male,50,1,5,Research Scientist,3,Divorced,19877,6745,1,Y,No,20,4,3,80,3,32,6,3,3,1,0,2
42,No,Non-Travel,1091,Sales,11,3,Technical Degree,1,998,4,Female,73,2,4,Sales Executive,3,Married,15742,2446,5,Y,No,11,3,3,80,0,22,3,3,15,14,0,0
31,No,Travel_Frequently,804,Research & Development,3,1,Life Sciences,1,999,3,Male,59,2,2,Research Scientist,4,Divorced,6140,19741,4,Y,No,11,3,1,80,0,10,3,2,2,0,0,0
42,No,Travel_Rarely,1414,Research & Development,1,3,Other,1,1000,3,Female,40,2,3,Laboratory Technician,2,Married,11682,20304,3,Y,No,25,4,2,80,1,18,2,2,0,0,0,0
49,No,Travel_Frequently,207,Research & Development,9,2,Other,1,1001,2,Female,37,3,5,Research Scientist,4,Single,19958,6472,0,Y,No,13,3,1,80,1,28,3,3,4,0,0,2
45,No,Travel_Rarely,742,Research & Development,1,3,Other,1,1002,4,Male,34,2,4,Research Scientist,3,Married,15855,20083,2,Y,No,13,3,4,80,0,22,3,3,12,10,1,6
37,No,Non-Travel,710,Research & Development,2,2,Technical Degree,1,1003,4,Female,37,2,2,Research Scientist,4,Married,4412,5492,5,Y,No,12,3,3,80,1,9,3,3,0,0,0,0
31,No,Travel_Rarely,1097,Sales,5,4,Life Sciences,1,1004,4,Male,34,3,2,Sales Executive,4,Divorced,4488,23029,4,Y,Yes,18,3,1,80,1,9,1,3,6,6,3,1
43,No,Travel_Rarely,1110,Research & Development,9,3,Life Sciences,1,1005,2,Male,39,3,4,Research Scientist,4,Married,15516,5100,0,Y,Yes,23,4,4,80,0,22,3,2,7,1,0,1
40,Yes,Travel_Rarely,1348,Research & Development,20,3,Medical,1,1006,3,Male,44,3,4,Laboratory Technician,1,Single,14281,3098,3,Y,Yes,22,4,1,80,1,21,2,3,20,1,0,3
45,No,Travel_Rarely,483,Research & Development,7,3,Medical,1,1007,1,Female,85,3,4,Laboratory Technician,2,Single,15669,16906,6,Y,No,18,3,3,80,1,25,1,1,2,2,0,2
42,No,Non-Travel,939,Research & Development,8,3,Technical Degree,1,1008,3,Male,84,3,4,Laboratory Technician,3,Single,14019,8061,6,Y,Yes,16,3,4,80,2,21,3,3,2,2,0,2
46,No,Travel_Rarely,205,Human Resources,2,2,Human Resources,1,1009,1,Male,32,4,4,Human Resources,3,Single,15991,8522,1,Y,Yes,15,3,4,80,1,24,1,2,4,4,1,1
32,No,Travel_Rarely,765,Research & Development,9,4,Medical,1,1010,3,Male,70,2,2,Healthcare Representative,3,Single,5006,4172,3,Y,No,23,4,1,80,1,12,3,3,3,3,0,3
48,No,Travel_Rarely,1239,Research & Development,4,2,Life Sciences,1,1011,3,Female,39,2,4,Research Scientist,4,Married,15375,20973,3,Y,No,24,4,4,80,1,21,3,3,10,4,2,0
38,No,Non-Travel,1180,Research & Development,15,1,Life Sciences,1,1012,3,Male,36,3,3,Laboratory Technician,1,Single,9350,4355,3,Y,No,16,3,4,80,0,19,2,3,8,5,4,2
55,No,Travel_Rarely,222,Research & Development,3,4,Life Sciences,1,1013,3,Female,92,3,5,Research Scientist,3,Divorced,17960,3831,4,Y,Yes,11,3,3,80,1,33,6,1,11,0,1,2
30,No,Travel_Rarely,1342,Research & Development,5,2,Medical,1,1014,4,Female,92,3,2,Research Scientist,1,Married,5940,5190,2,Y,No,12,3,3,80,1,10,4,3,10,4,3,0
52,No,Travel_Rarely,1128,Sales,4,2,Medical,1,1015,1,Female,55,2,5,Sales Executive,4,Married,19901,10021,2,Y,No,17,3,1,80,2,32,1,3,20,2,0,1
38,No,Travel_Rarely,1217,Human Resources,13,3,Marketing,1,1016,4,Female,63,3,3,Human Resources,4,Single,9589,4538,3,Y,No,11,3,3,80,1,15,3,3,4,4,4,0
30,No,Travel_Rarely,508,Research & Development,24,3,Medical,1,1017,1,Female,68,4,2,Research Director,3,Married,5597,18814,2,Y,No,18,3,3,80,1,11,2,3,11,2,0,8
32,Yes,Travel_Rarely,777,Sales,3,4,Technical Degree,1,1018,1,Male,89,3,2,Sales Executive,1,Married,4965,21461,3,Y,No,13,3,4,80,0,13,3,3,1,1,0,1
33,No,Travel_Rarely,542,Sales,5,3,Medical,1,1019,1,Male,98,2,2,Manager,4,Married,5373,11253,8,Y,Yes,24,4,3,80,2,13,4,3,9,1,0,6
40,No,Travel_Frequently,533,Sales,9,3,Technical Degree,1,1020,4,Male,55,3,3,Sales Executive,4,Single,10255,25476,2,Y,Yes,14,3,3,80,0,20,2,3,5,1,0,2
41,Yes,Travel_Rarely,1010,Research & Development,18,4,Life Sciences,1,1021,3,Male,91,3,3,Research Scientist,2,Married,10133,23476,4,Y,Yes,17,3,1,80,3,19,3,4,13,2,1,3
31,No,Travel_Rarely,162,Research & Development,5,2,Technical Degree,1,1022,4,Male,39,3,1,Research Scientist,4,Single,3604,10957,4,Y,No,20,4,1,80,0,4,4,2,4,1,4,4
36,No,Travel_Rarely,827,Research & Development,1,3,Medical,1,1023,3,Male,83,1,3,Research Scientist,4,Single,10111,15150,4,Y,No,17,3,1,80,0,17,2,1,11,1,3,9
56,No,Travel_Frequently,1372,Sales,3,3,Life Sciences,1,1024,1,Male,60,3,5,Sales Executive,3,Married,19116,12956,4,Y,No,12,3,1,80,2,35,1,3,20,0,1,0
52,No,Non-Travel,1040,Sales,6,3,Life Sciences,1,1025,4,Female,67,2,5,Sales Executive,3,Single,18643,12892,3,Y,Yes,15,3,3,80,1,31,0,4,10,8,1,1
40,No,Travel_Rarely,970,Research & Development,4,5,Other,1,1026,1,Male,54,2,2,Research Scientist,2,Divorced,4912,10281,4,Y,No,18,3,4,80,1,11,1,4,11,0,2,4
37,No,Travel_Rarely,1497,Research & Development,1,4,Life Sciences,1,1027,4,Female,94,3,2,Manager,3,Single,5686,21073,3,Y,No,19,3,3,80,0,11,0,3,0,0,0,0
38,No,Travel_Rarely,1414,Sales,1,2,Medical,1,1028,1,Male,79,2,3,Sales Representative,3,Divorced,8898,5064,2,Y,No,23,4,3,80,2,16,2,3,1,0,1,1
42,No,Travel_Rarely,1149,Sales,9,1,Life Sciences,1,1029,2,Female,53,3,4,Sales Executive,2,Married,15963,5363,1,Y,No,15,3,3,80,1,22,2,3,22,0,1,4
27,Yes,Travel_Rarely,507,Human Resources,29,1,Medical,1,1030,4,Female,56,3,2,Human Resources,1,Single,5031,18956,0,Y,Yes,12,3,2,80,1,8,1,3,8,3,2,0
34,No,Travel_Rarely,1433,Sales,20,2,Technical Degree,1,1031,4,Male,79,2,3,Sales Executive,2,Married,9308,19321,2,Y,No,14,3,2,80,2,14,3,3,6,3,3,0
21,Yes,Travel_Rarely,714,Research & Development,9,1,Life Sciences,1,1032,2,Male,79,3,1,Research Scientist,2,Married,2140,3719,4,Y,No,21,4,2,80,1,0,6,3,0,0,0,0
40,No,Non-Travel,1497,Research & Development,14,3,Medical,1,1033,4,Male,44,4,3,Research Scientist,3,Married,10204,20358,1,Y,Yes,15,3,4,80,0,18,5,3,0,0,0,0
42,No,Travel_Rarely,316,Sales,2,4,Other,1,1034,1,Male,46,2,4,Sales Executive,3,Married,15291,26779,1,Y,Yes,16,3,1,80,1,21,2,3,3,1,2,0
32,No,Travel_Rarely,363,Research & Development,7,4,Marketing,1,1035,4,Female,58,3,2,Research Scientist,3,Divorced,6153,22970,1,Y,No,22,4,1,80,1,10,3,3,5,4,4,5
51,No,Travel_Rarely,1016,Research & Development,1,2,Technical Degree,1,1036,3,Female,34,3,5,Laboratory Technician,3,Married,18342,5574,1,Y,No,16,3,3,80,2,31,5,3,1,1,1,0
25,Yes,Travel_Rarely,1471,Sales,9,3,Medical,1,1037,1,Male,40,3,1,Manager,3,Single,2453,10636,3,Y,No,23,4,4,80,0,3,5,3,1,1,1,1
23,Yes,Travel_Rarely,224,Research & Development,28,3,Life Sciences,1,1038,2,Male,81,2,1,Manufacturing Director,4,Single,2744,17954,5,Y,Yes,22,4,3,80,1,4,4,3,4,4,0,3
38,No,Travel_Rarely,865,Sales,15,4,Life Sciences,1,1039,1,Male,63,3,3,Manager,3,Single,9348,5136,1,Y,No,11,3,4,80,1,19,3,1,6,5,1,0
46,No,Travel_Rarely,421,Research & Development,6,4,Medical,1,1040,2,Male,62,1,4,Research Scientist,4,Married,15303,21314,1,Y,No,16,3,3,80,0,27,2,2,2,2,1,1
52,No,Travel_Rarely,1462,Sales,12,4,Life Sciences,1,1041,2,Female,78,4,5,Sales Executive,3,Single,19291,26556,2,Y,No,21,4,3,80,0,28,1,3,6,6,6,0
32,No,Non-Travel,259,Research & Development,23,3,Life Sciences,1,1042,3,Male,60,3,2,Laboratory Technician,3,Married,5490,26352,2,Y,No,20,4,4,80,1,13,3,3,13,11,0,3
46,Yes,Travel_Rarely,1452,Research & Development,1,3,Life Sciences,1,1043,4,Male,47,3,4,Research Scientist,1,Married,16203,8658,0,Y,Yes,11,3,4,80,1,23,1,2,5,3,1,2
36,No,Travel_Rarely,1190,Research & Development,12,1,Medical,1,1044,1,Male,34,3,3,Research Scientist,3,Divorced,9017,22106,4,Y,No,23,4,2,80,1,17,6,3,15,1,0,0
35,No,Travel_Rarely,470,Research & Development,2,3,Marketing,1,1045,3,Male,59,3,3,Manufacturing Director,4,Married,10002,23495,3,Y,No,15,3,2,80,1,15,2,3,15,11,1,14
44,No,Travel_Rarely,971,Sales,16,2,Life Sciences,1,1046,3,Female,74,3,3,Sales Executive,4,Married,9411,12327,2,Y,No,21,4,2,80,1,19,5,2,0,0,0,0
42,No,Travel_Rarely,1129,Sales,1,3,Medical,1,1047,4,Male,67,3,4,Sales Executive,4,Divorced,15558,26780,5,Y,No,25,4,3,80,1,21,3,4,0,0,0,0
22,No,Travel_Frequently,787,Research & Development,1,3,Other,1,1048,3,Female,58,3,1,Laboratory Technician,2,Married,3058,26084,5,Y,No,17,3,4,80,0,3,2,3,3,1,3,1
50,No,Non-Travel,1015,Research & Development,10,2,Life Sciences,1,1049,3,Female,65,2,5,Laboratory Technician,3,Single,18507,19679,3,Y,No,24,4,2,80,0,31,1,2,6,5,5,0
49,No,Non-Travel,1185,Research & Development,1,1,Medical,1,1050,3,Male,38,2,4,Research Scientist,3,Married,14759,13264,1,Y,No,24,4,2,80,1,24,2,3,4,4,0,4
31,No,Travel_Rarely,1170,Research & Development,1,1,Other,1,1051,2,Male,52,3,2,Laboratory Technician,3,Married,5506,16167,3,Y,No,18,3,4,80,1,11,3,3,3,3,3,1
40,No,Travel_Frequently,685,Sales,6,1,Other,1,1052,1,Female,32,3,3,Sales Executive,1,Married,9814,12661,1,Y,No,21,4,3,80,1,19,4,4,8,8,0,2
41,No,Travel_Rarely,644,Sales,14,1,Life Sciences,1,1053,3,Female,85,2,4,Sales Executive,4,Married,15168,24481,3,Y,No,21,4,3,80,1,21,6,3,0,0,0,0
39,No,Travel_Rarely,257,Sales,2,1,Life Sciences,1,1054,1,Female,69,1,3,Manager,4,Married,10194,2104,3,Y,No,23,4,4,80,1,19,2,2,19,0,2,4
31,No,Travel_Rarely,989,Sales,14,2,Life Sciences,1,1055,3,Male,85,2,2,Sales Executive,3,Single,5639,17705,2,Y,No,15,3,3,80,0,12,2,3,2,2,2,1
30,Yes,Travel_Frequently,853,Research & Development,13,2,Medical,1,1056,2,Female,87,4,2,Healthcare Representative,2,Single,4882,18101,1,Y,Yes,12,3,3,80,1,9,1,3,9,9,1,9
36,No,Travel_Rarely,165,Sales,6,5,Medical,1,1057,3,Male,60,3,3,Sales Executive,1,Divorced,9288,11875,4,Y,No,13,3,1,80,1,14,2,2,0,0,0,0
47,No,Travel_Rarely,522,Sales,8,2,Medical,1,1058,1,Female,40,3,5,Sales Executive,3,Married,18342,19979,3,Y,Yes,22,4,1,80,1,28,4,3,2,0,2,1
41,No,Travel_Rarely,424,Sales,1,2,Life Sciences,1,1059,4,Female,71,4,3,Sales Executive,2,Single,9820,26798,3,Y,No,17,3,3,80,1,19,2,2,2,1,2,2
33,No,Travel_Rarely,1234,Sales,3,3,Life Sciences,1,1060,4,Male,32,3,2,Sales Executive,4,Single,4346,9999,2,Y,No,20,4,3,80,1,10,3,4,10,1,0,10
43,No,Travel_Rarely,648,Research & Development,2,4,Medical,1,1061,1,Female,86,4,3,Research Scientist,3,Divorced,9859,5697,3,Y,No,14,3,4,80,0,18,2,2,0,0,0,0
18,No,Non-Travel,352,Sales,1,3,Medical,1,1062,2,Male,43,2,1,Sales Representative,3,Married,3530,22673,6,Y,No,25,4,4,80,0,0,2,4,0,0,0,0
47,No,Travel_Rarely,967,Research & Development,3,2,Marketing,1,1063,3,Female,75,2,5,Manufacturing Director,3,Single,18887,2383,2,Y,No,11,3,4,80,0,28,3,3,15,10,0,14
21,Yes,Travel_Rarely,611,Research & Development,3,3,Medical,1,1064,1,Male,48,3,1,Laboratory Technician,1,Divorced,2478,7782,3,Y,No,13,3,2,80,1,0,3,3,0,0,0,0
33,Yes,Travel_Rarely,542,Research & Development,10,4,Life Sciences,1,1065,2,Female,89,3,3,Laboratory Technician,4,Married,10998,9487,0,Y,Yes,20,4,4,80,1,14,2,4,3,3,1,0
26,No,Travel_Rarely,555,Human Resources,7,4,Life Sciences,1,1066,2,Male,60,3,2,Manager,3,Divorced,6105,11962,5,Y,No,24,4,3,80,0,7,3,4,7,0,0,1
25,Yes,Travel_Rarely,745,Sales,19,3,Life Sciences,1,1067,4,Female,65,2,1,Sales Executive,4,Married,2341,15530,2,Y,Yes,25,4,2,80,3,1,2,3,1,0,1,1
47,No,Travel_Rarely,918,Sales,1,4,Life Sciences,1,1068,4,Male,61,3,5,Sales Executive,3,Single,19183,9699,4,Y,No,12,3,3,80,1,28,3,2,4,3,0,1
32,No,Travel_Rarely,780,Sales,1,4,Life Sciences,1,1069,3,Male,92,2,2,Sales Executive,4,Divorced,5397,13921,3,Y,No,19,3,1,80,0,12,5,3,6,6,2,6
40,No,Travel_Rarely,375,Research & Development,6,3,Life Sciences,1,1070,3,Male,55,1,3,Healthcare Representative,1,Single,9922,21171,3,Y,No,11,3,1,80,1,20,3,3,20,3,0,2
36,No,Travel_Rarely,161,Sales,1,3,Life Sciences,1,1071,4,Female,94,4,2,Manager,3,Married,6288,15079,4,Y,Yes,19,3,4,80,1,13,2,3,13,9,1,2
41,No,Travel_Rarely,443,Research & Development,12,3,Life Sciences,1,1072,4,Male,31,3,4,Research Scientist,4,Married,15352,14108,4,Y,Yes,25,4,3,80,1,21,3,3,4,4,0,4
37,No,Travel_Rarely,214,Research & Development,5,4,Marketing,1,1073,4,Male,99,4,2,Research Director,4,Divorced,5342,10468,2,Y,No,20,4,2,80,1,13,4,1,13,0,2,2
25,Yes,Travel_Rarely,1346,Research & Development,5,1,Life Sciences,1,1074,1,Male,74,3,1,Healthcare Representative,4,Single,3213,18828,0,Y,No,15,3,3,80,0,4,2,3,2,1,1,1
46,No,Non-Travel,169,Sales,3,5,Medical,1,1075,1,Female,54,3,4,Sales Executive,2,Married,16013,22064,1,Y,No,22,4,4,80,0,26,3,3,3,3,0,0
32,Yes,Travel_Rarely,1440,Sales,3,2,Medical,1,1076,3,Male,69,3,2,Sales Executive,4,Single,5762,24393,5,Y,No,16,3,3,80,0,13,2,2,1,1,0,1
22,Yes,Travel_Rarely,568,Research & Development,4,3,Medical,1,1077,3,Male,47,2,1,Laboratory Technician,4,Single,3122,7678,1,Y,No,16,3,3,80,0,3,4,3,1,1,1,1
33,No,Travel_Rarely,959,Research & Development,1,4,Other,1,1078,1,Male,41,2,2,Manager,1,Married,4264,15059,5,Y,Yes,22,4,1,80,1,12,2,3,8,2,0,4
50,No,Travel_Rarely,364,Sales,1,2,Life Sciences,1,1079,1,Male,53,2,5,Sales Executive,4,Married,18807,21327,3,Y,No,16,3,2,80,1,30,5,3,5,2,2,1
44,No,Non-Travel,1256,Research & Development,5,3,Marketing,1,1080,4,Male,72,3,3,Healthcare Representative,2,Married,10291,22913,4,Y,No,19,3,4,80,1,19,3,2,2,2,1,0
33,No,Travel_Rarely,525,Sales,1,2,Other,1,1081,4,Male,61,2,2,Sales Executive,4,Single,5350,8498,2,Y,No,24,4,3,80,1,13,2,3,4,0,2,4
33,No,Travel_Rarely,1392,Human Resources,12,3,Technical Degree,1,1082,2,Female,76,4,2,Human Resources,2,Single,5695,14253,4,Y,No,23,4,3,80,0,13,2,2,3,1,3,3
33,No,Travel_Rarely,821,Research & Development,2,2,Life Sciences,1,1083,4,Female,74,3,2,Laboratory Technician,4,Single,6332,15593,7,Y,Yes,23,4,3,80,0,13,2,3,13,3,1,1
55,No,Travel_Rarely,1337,Research & Development,1,3,Life Sciences,1,1084,3,Male,64,3,5,Manufacturing Director,1,Divorced,18393,22405,1,Y,No,19,3,4,80,0,33,2,3,15,5,3,5
40,No,Travel_Frequently,664,Sales,2,3,Life Sciences,1,1085,4,Male,38,2,3,Sales Representative,3,Divorced,10482,24992,4,Y,Yes,21,4,3,80,0,20,1,3,3,3,3,2
40,No,Travel_Rarely,1084,Sales,3,5,Medical,1,1086,3,Female,39,2,4,Sales Representative,3,Single,15101,25918,1,Y,No,20,4,3,80,1,21,2,2,19,12,5,2
46,No,Travel_Rarely,1020,Research & Development,1,5,Medical,1,1087,1,Male,94,4,4,Research Director,2,Married,15861,24294,3,Y,Yes,17,3,2,80,1,23,3,3,3,3,0,3
39,No,Travel_Rarely,389,Human Resources,1,1,Life Sciences,1,1088,3,Female,88,2,3,Human Resources,3,Single,9775,16204,2,Y,No,13,3,1,80,1,18,2,4,8,3,4,0
34,No,Travel_Rarely,526,Research & Development,3,4,Medical,1,1089,3,Male,86,2,2,Manufacturing Director,1,Married,6476,17033,1,Y,No,25,4,4,80,1,13,0,2,13,1,5,3
35,No,Travel_Frequently,655,Research & Development,2,1,Medical,1,1090,3,Male,39,2,3,Research Scientist,4,Single,9878,25070,4,Y,No,17,3,4,80,0,14,3,3,3,2,1,0
36,No,Travel_Rarely,860,Sales,12,1,Medical,1,1091,1,Male,48,2,3,Sales Executive,4,Single,9415,7919,0,Y,No,15,3,4,80,1,14,2,3,8,5,0,1
36,No,Travel_Rarely,345,Sales,14,1,Technical Degree,1,1092,4,Female,79,2,3,Sales Executive,4,Married,10051,5582,1,Y,No,19,3,4,80,1,17,2,3,2,2,2,2
43,No,Travel_Rarely,1101,Research & Development,1,4,Marketing,1,1093,2,Male,97,3,4,Laboratory Technician,4,Divorced,15494,3989,2,Y,Yes,18,3,4,80,0,24,1,2,2,2,2,0
37,No,Travel_Rarely,1459,Sales,1,4,Life Sciences,1,1094,2,Male,34,3,3,Sales Executive,2,Married,10482,5002,0,Y,No,20,4,3,80,2,14,3,2,6,4,1,3
43,Yes,Travel_Rarely,429,Research & Development,8,2,Medical,1,1095,3,Male,58,3,4,Manager,2,Single,15568,3505,2,Y,Yes,22,4,4,80,0,24,1,4,24,3,3,1
36,No,Travel_Rarely,816,Research & Development,13,2,Life Sciences,1,1096,3,Female,34,2,3,Research Scientist,3,Married,11285,7551,2,Y,No,16,3,3,80,1,14,2,3,4,0,0,4
37,No,Travel_Rarely,1231,Research & Development,26,2,Medical,1,1097,3,Female,89,3,3,Manufacturing Director,1,Divorced,9733,13668,1,Y,No,15,3,1,80,1,18,2,2,18,0,0,0
18,No,Travel_Rarely,902,Sales,1,3,Other,1,1098,4,Male,94,3,1,Sales Executive,4,Married,2740,12229,4,Y,No,20,4,2,80,2,0,2,3,0,0,0,0
45,No,Travel_Rarely,1204,Research & Development,4,3,Technical Degree,1,1099,3,Male,57,1,4,Research Scientist,1,Married,14937,22477,2,Y,No,12,3,4,80,2,26,2,2,2,0,1,2
40,No,Non-Travel,1290,Research & Development,10,2,Life Sciences,1,1100,3,Female,30,3,3,Research Scientist,4,Married,9851,7542,5,Y,Yes,21,4,2,80,2,20,2,3,4,2,4,4
46,No,Travel_Rarely,732,Research & Development,14,4,Life Sciences,1,1101,4,Male,58,2,4,Manager,1,Married,15438,10941,2,Y,Yes,22,4,4,80,1,25,4,3,8,1,1,8
18,No,Travel_Rarely,1182,Sales,1,3,Life Sciences,1,1102,1,Male,80,3,1,Sales Representative,4,Married,2968,24770,2,Y,Yes,13,3,1,80,1,0,4,3,0,0,0,0
56,Yes,Travel_Rarely,1061,Sales,9,4,Medical,1,1103,3,Male,65,3,5,Sales Representative,1,Single,19140,10635,3,Y,No,21,4,2,80,0,36,6,3,0,0,0,0
35,No,Travel_Rarely,1061,Sales,2,3,Life Sciences,1,1104,4,Female,61,3,2,Manager,1,Married,4834,16752,5,Y,Yes,21,4,2,80,1,10,3,2,10,4,1,4
47,No,Travel_Rarely,1313,Research & Development,1,3,Medical,1,1105,1,Male,93,2,4,Research Scientist,4,Married,14771,25486,2,Y,Yes,13,3,1,80,2,27,3,3,10,2,0,3
27,No,Travel_Frequently,1177,Research & Development,5,4,Life Sciences,1,1106,3,Female,43,3,1,Laboratory Technician,2,Married,2574,19621,2,Y,No,23,4,1,80,1,4,5,3,4,1,1,0
42,No,Travel_Rarely,1197,Research & Development,1,4,Life Sciences,1,1107,4,Male,61,2,3,Manufacturing Director,4,Divorced,10484,18875,2,Y,No,14,3,2,80,0,17,2,3,7,7,4,0
27,No,Travel_Rarely,854,Sales,10,2,Life Sciences,1,1108,2,Male,38,3,1,Sales Executive,3,Single,3614,2739,2,Y,No,13,3,4,80,0,0,3,4,0,0,0,0
31,No,Travel_Rarely,425,Sales,10,3,Other,1,1109,3,Female,40,3,2,Sales Executive,1,Single,5153,14794,2,Y,No,17,3,1,80,1,7,2,3,5,5,3,5
54,Yes,Travel_Rarely,1463,Research & Development,14,4,Medical,1,1110,4,Male,77,1,5,Laboratory Technician,4,Single,18535,26084,3,Y,Yes,23,4,2,80,0,35,3,1,20,1,0,9
35,No,Travel_Rarely,256,Sales,3,2,Life Sciences,1,1111,2,Male,80,3,2,Sales Executive,3,Married,5151,22610,1,Y,No,25,4,1,80,0,8,1,3,8,3,0,0
38,No,Travel_Frequently,160,Research & Development,1,1,Life Sciences,1,1112,1,Female,33,3,3,Manufacturing Director,4,Married,11054,20712,2,Y,No,16,3,3,80,0,15,3,2,3,0,0,1
44,No,Travel_Rarely,1400,Research & Development,2,3,Medical,1,1113,4,Female,70,3,4,Research Scientist,3,Married,15899,13058,1,Y,Yes,23,4,3,80,0,21,6,2,5,0,3,0
41,No,Travel_Rarely,302,Research & Development,5,4,Life Sciences,1,1114,4,Female,54,2,4,Laboratory Technician,3,Divorced,15630,4056,4,Y,Yes,18,3,3,80,0,22,1,3,9,2,0,2
38,No,Travel_Rarely,396,Research & Development,9,4,Medical,1,1115,3,Female,46,4,2,Laboratory Technician,2,Divorced,5777,19287,5,Y,No,12,3,2,80,2,12,4,3,3,3,2,3
40,No,Travel_Rarely,1447,Research & Development,3,4,Marketing,1,1116,3,Female,76,4,3,Manufacturing Director,2,Single,10724,8567,3,Y,No,12,3,2,80,1,18,2,3,0,0,0,0
58,No,Travel_Rarely,1454,Research & Development,6,3,Medical,1,1117,4,Male,37,4,5,Research Scientist,3,Married,18408,9577,1,Y,Yes,11,3,4,80,1,36,2,3,5,3,0,2
36,No,Travel_Rarely,1099,Research & Development,5,1,Medical,1,1118,4,Male,87,3,3,Healthcare Representative,3,Married,9564,6509,3,Y,No,15,3,4,80,1,17,3,3,7,1,1,0
38,No,Travel_Rarely,1409,Sales,1,3,Medical,1,1119,2,Female,30,3,3,Sales Executive,3,Married,9482,25096,2,Y,No,17,3,1,80,0,19,1,3,0,0,0,0
46,No,Travel_Rarely,1301,Research & Development,7,4,Other,1,1120,1,Male,31,3,3,Laboratory Technician,3,Single,10152,17942,1,Y,No,19,3,3,80,1,19,3,3,0,0,0,0
47,No,Travel_Rarely,711,Research & Development,4,1,Other,1,1121,3,Female,39,2,4,Healthcare Representative,4,Married,15396,10799,3,Y,No,15,3,2,80,2,27,0,2,1,1,0,1
47,No,Travel_Rarely,450,Sales,13,2,Medical,1,1122,4,Female,56,3,4,Sales Executive,1,Divorced,15753,12798,6,Y,No,21,4,1,80,0,27,3,3,3,3,0,1
42,No,Travel_Rarely,1064,Research & Development,9,1,Life Sciences,1,1123,4,Male,42,3,3,Research Scientist,2,Married,9495,23297,3,Y,No,21,4,4,80,0,19,3,4,6,1,1,5
26,No,Travel_Rarely,483,Research & Development,1,3,Medical,1,1124,4,Female,92,4,2,Manufacturing Director,3,Divorced,6023,18485,0,Y,No,11,3,3,80,1,7,5,3,2,0,2,2
51,No,Travel_Rarely,1397,Sales,5,4,Life Sciences,1,1125,4,Male,40,3,5,Sales Executive,1,Divorced,19058,24293,3,Y,No,13,3,2,80,0,31,3,2,2,2,2,2
26,No,Travel_Rarely,593,Research & Development,9,3,Medical,1,1126,3,Male,43,2,1,Healthcare Representative,2,Single,3216,14545,4,Y,No,18,3,2,80,2,6,2,3,6,1,5,1
39,Yes,Travel_Rarely,432,Research & Development,1,5,Medical,1,1127,3,Female,55,3,3,Healthcare Representative,1,Single,10517,26610,3,Y,No,13,3,4,80,1,19,2,3,1,1,1,1
30,No,Travel_Frequently,976,Research & Development,12,1,Life Sciences,1,1128,4,Male,98,4,2,Manufacturing Director,4,Single,5869,15162,1,Y,No,17,3,4,80,0,11,5,4,5,2,0,2
36,No,Travel_Rarely,259,Sales,2,4,Life Sciences,1,1129,4,Male,68,2,3,Sales Executive,4,Single,10016,23892,1,Y,No,20,4,4,80,0,17,3,2,17,17,1,10
39,Yes,Travel_Rarely,533,Research & Development,5,4,Medical,1,1130,3,Male,57,3,3,Research Scientist,1,Single,10291,12414,5,Y,Yes,13,3,3,80,1,20,3,2,7,2,3,5
39,No,Travel_Rarely,1450,Sales,22,3,Technical Degree,1,1131,1,Female,46,3,3,Sales Executive,1,Single,10844,15302,1,Y,No,12,3,3,80,0,18,3,3,9,1,5,7
40,No,Travel_Rarely,1241,Research & Development,6,5,Medical,1,1132,4,Female,66,2,3,Laboratory Technician,4,Divorced,10108,21424,1,Y,No,22,4,2,80,2,15,2,3,4,4,0,0
51,No,Travel_Rarely,720,Research & Development,4,2,Medical,1,1133,3,Female,56,1,5,Manufacturing Director,3,Single,18662,24214,4,Y,No,23,4,1,80,0,31,3,3,0,0,0,0
41,No,Travel_Rarely,720,Research & Development,1,4,Life Sciences,1,1134,2,Female,96,3,4,Laboratory Technician,4,Single,15649,3938,2,Y,Yes,20,4,3,80,3,22,3,3,8,8,5,2
34,No,Travel_Rarely,727,Sales,1,4,Medical,1,1135,3,Male,97,3,3,Sales Executive,4,Divorced,9777,22089,2,Y,No,24,4,3,80,0,15,2,2,7,5,1,0
45,No,Travel_Rarely,536,Research & Development,6,4,Medical,1,1136,3,Female,76,1,4,Research Scientist,3,Married,13891,17351,1,Y,No,16,3,2,80,1,22,6,3,0,0,0,0
47,No,Travel_Rarely,897,Research & Development,5,3,Medical,1,1137,2,Female,63,3,3,Laboratory Technician,1,Married,10077,9653,3,Y,No,12,3,4,80,0,20,2,3,4,3,4,4
25,No,Travel_Rarely,1033,Research & Development,3,2,Life Sciences,1,1138,4,Male,47,3,1,Research Scientist,4,Single,2869,26662,0,Y,No,20,4,1,80,1,5,2,3,5,5,3,1
42,Yes,Travel_Rarely,673,Research & Development,20,3,Medical,1,1139,2,Male,64,4,4,Healthcare Representative,4,Single,15993,24164,2,Y,Yes,24,4,2,80,1,23,0,3,1,1,0,1
43,Yes,Travel_Rarely,367,Human Resources,3,3,Life Sciences,1,1140,1,Female,47,4,4,Human Resources,3,Divorced,14849,21543,3,Y,Yes,15,3,1,80,0,22,3,3,4,2,0,4
34,No,Travel_Rarely,203,Research & Development,6,4,Life Sciences,1,1141,3,Female,99,3,2,Manufacturing Director,3,Married,4296,11388,3,Y,No,15,3,3,80,1,12,2,3,4,4,1,0
49,No,Travel_Rarely,1188,Research & Development,6,4,Other,1,1142,4,Female,63,4,5,Manager,2,Single,19201,2773,2,Y,No,15,3,1,80,0,29,2,3,13,3,5,4
35,No,Travel_Rarely,1098,Research & Development,5,4,Life Sciences,1,1143,4,Female,62,1,3,Research Scientist,2,Single,10028,9284,3,Y,No,16,3,2,80,1,14,6,3,13,3,13,0
38,No,Travel_Rarely,810,Human Resources,5,1,Life Sciences,1,1144,4,Male,72,3,3,Human Resources,4,Married,9856,7441,2,Y,Yes,13,3,3,80,1,16,2,1,11,9,3,2
35,No,Travel_Rarely,1116,Research & Development,3,4,Medical,1,1145,4,Female,56,3,2,Research Scientist,4,Single,5212,14819,4,Y,No,20,4,3,80,1,8,2,3,3,1,1,3
37,Yes,Travel_Rarely,925,Research & Development,19,4,Technical Degree,1,1146,1,Male,77,2,3,Manufacturing Director,3,Divorced,9158,13655,2,Y,Yes,15,3,3,80,0,18,3,3,0,0,0,0
26,No,Travel_Frequently,323,Sales,4,4,Medical,1,1147,1,Male,98,3,1,Sales Executive,4,Married,2716,22525,1,Y,Yes,18,3,2,80,0,0,1,3,0,0,0,0
23,Yes,Non-Travel,1016,Sales,6,2,Marketing,1,1148,3,Female,51,2,1,Sales Executive,1,Single,2590,15665,5,Y,Yes,14,3,3,80,0,3,2,1,3,1,1,3
51,No,Travel_Rarely,537,Research & Development,8,1,Technical Degree,1,1149,2,Male,63,3,5,Laboratory Technician,2,Single,19743,13109,3,Y,No,24,4,3,80,2,29,2,4,9,3,2,6
29,No,Travel_Rarely,1315,Research & Development,1,1,Life Sciences,1,1150,4,Female,72,3,2,Research Director,3,Married,5427,2103,1,Y,No,15,3,2,80,2,8,3,2,8,8,2,2
27,No,Travel_Rarely,741,Research & Development,12,3,Life Sciences,1,1151,3,Male,45,3,2,Research Scientist,1,Married,5033,18081,1,Y,No,25,4,4,80,1,7,4,2,4,4,1,2
18,No,Travel_Rarely,1046,Research & Development,5,3,Life Sciences,1,1152,4,Male,43,2,1,Research Scientist,3,Divorced,3834,14539,3,Y,No,25,4,3,80,2,0,2,3,0,0,0,0
31,No,Travel_Rarely,435,Research & Development,8,5,Marketing,1,1153,2,Male,68,2,2,Research Director,2,Married,5038,17297,4,Y,Yes,11,3,2,80,1,11,3,3,6,0,0,0
24,Yes,Travel_Rarely,1008,Research & Development,11,3,Life Sciences,1,1154,3,Male,41,4,1,Manufacturing Director,4,Married,3134,13117,0,Y,No,11,3,4,80,0,5,1,3,1,1,1,1
51,No,Non-Travel,1426,Research & Development,16,3,Life Sciences,1,1155,3,Male,84,3,5,Research Director,4,Married,18999,24941,3,Y,No,18,3,4,80,0,31,2,3,4,4,1,4
46,No,Travel_Rarely,452,Research & Development,3,3,Medical,1,1156,2,Male,35,4,4,Manufacturing Director,3,Single,16278,7415,5,Y,No,12,3,4,80,0,26,3,3,6,0,2,1
30,Yes,Travel_Rarely,671,Sales,13,4,Medical,1,1157,3,Female,69,2,2,Sales Representative,1,Single,5252,22694,2,Y,Yes,20,4,3,80,0,11,1,2,11,4,2,11
57,No,Travel_Rarely,829,Human Resources,2,4,Medical,1,1158,3,Male,42,2,5,Human Resources,3,Single,19169,12472,4,Y,No,20,4,2,80,1,32,3,3,3,3,0,0
45,No,Travel_Frequently,216,Research & Development,8,4,Medical,1,1159,3,Male,98,3,4,Healthcare Representative,4,Married,15216,18173,3,Y,No,17,3,2,80,1,26,2,3,26,0,0,9
33,No,Travel_Rarely,1010,Research & Development,1,3,Life Sciences,1,1160,2,Male,53,3,2,Research Director,3,Divorced,5317,26212,3,Y,No,17,3,3,80,1,13,6,3,6,3,0,1
18,Yes,Travel_Rarely,468,Research & Development,1,3,Medical,1,1161,1,Female,88,2,1,Manufacturing Director,1,Married,3519,9600,1,Y,No,21,4,4,80,0,0,3,2,0,0,0,0
57,No,Travel_Rarely,1394,Sales,1,4,Medical,1,1162,3,Male,75,3,5,Sales Executive,1,Married,19607,12313,2,Y,Yes,24,4,3,80,1,37,2,2,1,0,1,1
24,Yes,Travel_Frequently,905,Research & Development,3,3,Technical Degree,1,1163,2,Female,73,3,1,Research Scientist,2,Single,2816,3550,3,Y,No,19,3,4,80,1,5,1,3,1,1,0,1
21,No,Travel_Rarely,1211,Research & Development,1,2,Life Sciences,1,1164,1,Female,40,2,1,Research Scientist,1,Married,3820,2137,2,Y,Yes,11,3,2,80,1,1,1,3,1,1,1,0
46,No,Travel_Frequently,997,Research & Development,7,2,Technical Degree,1,1165,2,Male,90,3,4,Research Scientist,4,Divorced,15823,9420,6,Y,No,12,3,3,80,3,27,1,3,0,0,0,0
59,No,Travel_Rarely,1070,Research & Development,3,1,Medical,1,1166,2,Male,65,3,5,Laboratory Technician,4,Divorced,18837,12180,3,Y,No,24,4,4,80,0,40,3,3,4,4,2,0
49,No,Travel_Rarely,479,Research & Development,10,4,Life Sciences,1,1167,3,Female,39,3,4,Laboratory Technician,2,Married,14471,9870,4,Y,Yes,11,3,4,80,0,27,4,2,27,0,2,8
42,No,Travel_Rarely,1272,Research & Development,1,1,Medical,1,1168,1,Female,30,3,4,Manufacturing Director,2,Divorced,15050,23048,2,Y,No,11,3,4,80,1,21,2,3,8,6,0,1
42,No,Travel_Rarely,1113,Research & Development,1,2,Life Sciences,1,1169,3,Female,92,3,4,Laboratory Technician,2,Divorced,15548,21049,1,Y,No,21,4,4,80,2,22,2,1,11,0,2,4
44,No,Travel_Rarely,219,Human Resources,4,2,Human Resources,1,1170,3,Male,41,2,4,Human Resources,4,Divorced,15658,16986,3,Y,Yes,14,3,3,80,0,25,2,3,0,0,0,0
43,No,Travel_Frequently,1115,Research & Development,3,3,Technical Degree,1,1171,3,Male,34,4,3,Research Scientist,3,Married,10615,10294,2,Y,No,18,3,3,80,1,19,3,3,5,3,0,5
39,No,Travel_Rarely,1260,Sales,1,3,Life Sciences,1,1172,4,Male,65,4,3,Sales Executive,3,Single,9143,7726,6,Y,Yes,20,4,4,80,2,20,2,3,2,2,2,0
37,No,Travel_Rarely,628,Sales,29,3,Life Sciences,1,1173,3,Male,46,3,2,Sales Executive,3,Married,4936,15794,3,Y,No,18,3,3,80,0,12,5,3,12,1,0,8
36,Yes,Travel_Rarely,915,Research & Development,2,1,Life Sciences,1,1174,3,Male,87,1,3,Laboratory Technician,3,Divorced,9093,3956,3,Y,No,22,4,2,80,0,16,3,3,1,1,0,0
30,No,Travel_Rarely,307,Research & Development,10,2,Life Sciences,1,1175,4,Female,51,3,2,Research Scientist,2,Married,4396,19711,2,Y,No,22,4,3,80,1,10,5,2,4,4,1,4
34,No,Travel_Rarely,1358,Research & Development,1,3,Life Sciences,1,1176,3,Male,60,3,2,Research Scientist,2,Single,4823,21603,6,Y,No,21,4,3,80,0,12,2,2,6,6,0,5
21,Yes,Travel_Rarely,917,Research & Development,16,3,Life Sciences,1,1177,4,Female,55,4,1,Laboratory Technician,3,Married,3019,6805,3,Y,No,25,4,1,80,0,0,3,4,0,0,0,0
36,No,Travel_Rarely,167,Sales,3,2,Medical,1,1178,3,Female,42,4,3,Sales Representative,3,Married,10262,4551,3,Y,No,19,3,4,80,2,16,3,3,13,9,0,1
27,No,Travel_Rarely,105,Sales,18,1,Life Sciences,1,1179,3,Male,92,3,2,Sales Executive,2,Single,4630,26679,5,Y,Yes,12,3,1,80,1,7,3,3,2,2,0,2
26,No,Non-Travel,104,Research & Development,3,4,Technical Degree,1,1180,4,Female,96,2,1,Manufacturing Director,1,Divorced,2314,13290,3,Y,No,23,4,3,80,0,6,0,1,3,2,1,2
38,No,Travel_Rarely,1384,Research & Development,1,3,Marketing,1,1181,1,Male,92,4,2,Manufacturing Director,2,Single,4132,14933,4,Y,No,17,3,4,80,0,13,6,3,12,1,2,10
49,No,Travel_Frequently,426,Sales,5,2,Medical,1,1182,2,Female,40,3,5,Sales Representative,3,Divorced,19228,8793,3,Y,Yes,22,4,3,80,1,28,5,3,5,0,3,1
45,No,Travel_Rarely,1365,Sales,5,1,Technical Degree,1,1183,2,Male,98,3,4,Manager,3,Married,14860,15261,4,Y,No,24,4,4,80,1,26,1,2,4,2,0,4
22,No,Travel_Rarely,706,Sales,1,5,Life Sciences,1,1184,2,Male,93,3,1,Sales Executive,4,Single,3797,10553,0,Y,No,14,3,2,80,1,3,3,3,0,0,0,0
27,No,Travel_Rarely,897,Research & Development,2,3,Life Sciences,1,1185,2,Female,97,3,2,Research Scientist,1,Married,5445,9251,1,Y,No,13,3,4,80,1,8,2,3,8,3,7,8
45,No,Travel_Rarely,636,Research & Development,12,3,Medical,1,1186,3,Male,61,3,4,Research Director,2,Married,15197,14147,2,Y,Yes,22,4,2,80,1,26,4,1,26,4,1,5
27,Yes,Travel_Frequently,1443,Sales,1,4,Medical,1,1187,4,Female,39,2,2,Sales Executive,1,Single,4815,4808,3,Y,Yes,14,3,1,80,3,8,3,2,7,0,3,7
34,Yes,Travel_Rarely,700,Sales,5,4,Medical,1,1188,4,Male,83,3,2,Sales Executive,3,Single,4303,23024,2,Y,Yes,14,3,4,80,2,13,2,2,13,0,1,0
41,No,Travel_Rarely,1176,Research & Development,6,4,Technical Degree,1,1189,2,Male,84,3,4,Manufacturing Director,3,Single,14479,9458,0,Y,No,13,3,4,80,0,22,0,2,5,2,0,3
28,No,Travel_Frequently,933,Research & Development,9,3,Other,1,1190,4,Male,91,1,2,Manufacturing Director,4,Single,4826,17350,1,Y,Yes,19,3,2,80,0,8,2,3,2,2,0,0
37,Yes,Travel_Rarely,1168,Research & Development,1,3,Medical,1,1191,3,Male,84,2,3,Research Director,2,Single,9380,25697,0,Y,No,18,3,4,80,0,16,1,2,0,0,0,0
24,Yes,Travel_Rarely,1329,Research & Development,7,1,Marketing,1,1192,3,Male,64,2,1,Manager,3,Married,2200,14092,3,Y,Yes,24,4,3,80,0,5,2,2,5,5,5,3
31,No,Travel_Rarely,448,Research & Development,1,4,Life Sciences,1,1193,4,Female,96,3,2,Healthcare Representative,4,Married,5426,26114,0,Y,No,22,4,4,80,0,12,3,4,5,0,0,5
39,No,Travel_Frequently,1183,Human Resources,2,3,Life Sciences,1,1194,4,Female,94,4,3,Human Resources,4,Single,10108,11677,2,Y,No,20,4,3,80,0,20,3,3,11,4,2,0
22,No,Travel_Rarely,160,Research & Development,5,2,Marketing,1,1195,4,Female,46,2,1,Research Director,4,Married,2524,26019,1,Y,No,24,4,3,80,0,3,3,3,3,3,0,3
40,No,Travel_Rarely,781,Sales,19,4,Medical,1,1196,2,Female,71,2,3,Sales Executive,4,Married,10961,11368,2,Y,Yes,22,4,3,80,0,17,3,3,17,8,2,3
36,No,Travel_Rarely,612,Research & Development,1,4,Medical,1,1197,3,Male,88,4,3,Research Scientist,4,Married,8751,26963,0,Y,No,22,4,2,80,0,15,2,4,5,0,0,0
41,Yes,Non-Travel,1443,Sales,1,5,Life Sciences,1,1198,4,Female,99,3,4,Sales Representative,2,Single,15334,14365,7,Y,Yes,12,3,3,80,0,22,2,1,4,0,3,2
38,No,Travel_Rarely,1497,Human Resources,8,4,Medical,1,1199,3,Male,40,1,3,Human Resources,2,Married,9668,4929,3,Y,No,13,3,3,80,1,18,3,3,2,1,0,2
49,No,Travel_Rarely,308,Research & Development,3,5,Life Sciences,1,1200,3,Female,57,3,5,Research Scientist,1,Single,18769,10107,2,Y,No,23,4,1,80,0,30,2,3,5,5,5,0
38,Yes,Travel_Rarely,212,Research & Development,7,2,Medical,1,1201,3,Male,68,3,3,Research Scientist,4,Single,9381,26433,3,Y,Yes,20,4,2,80,2,17,2,3,16,0,4,5
32,No,Non-Travel,124,Research & Development,29,4,Life Sciences,1,1202,4,Female,83,3,2,Healthcare Representative,4,Married,5195,15333,1,Y,No,17,3,2,80,0,12,2,3,0,0,0,0
38,Yes,Travel_Frequently,888,Research & Development,29,4,Life Sciences,1,1203,2,Female,40,3,3,Laboratory Technician,1,Single,9664,6299,3,Y,No,15,3,4,80,2,18,3,4,18,3,0,7
41,No,Non-Travel,1136,Sales,3,2,Life Sciences,1,1204,3,Female,87,4,4,Sales Executive,3,Single,15064,15947,1,Y,Yes,11,3,3,80,0,22,4,4,22,3,0,0
37,No,Travel_Rarely,673,Sales,5,1,Life Sciences,1,1205,1,Female,69,1,3,Sales Executive,4,Single,9020,4248,5,Y,No,11,3,4,80,1,18,3,2,7,7,4,7
37,Yes,Travel_Rarely,848,Research & Development,18,5,Technical Degree,1,1206,3,Female,33,2,3,Healthcare Representative,4,Single,8829,23586,3,Y,Yes,22,4,4,80,0,15,1,2,3,3,0,0
30,No,Travel_Rarely,616,Research & Development,1,2,Life Sciences,1,1207,4,Female,93,3,1,Healthcare Representative,3,Married,2626,12630,2,Y,No,18,3,3,80,1,6,4,4,1,1,0,1
30,No,Travel_Frequently,245,Research & Development,4,4,Life Sciences,1,1208,1,Male,77,3,1,Laboratory Technician,4,Single,2558,6017,0,Y,No,16,3,4,80,0,4,1,3,2,2,1,0
24,Yes,Travel_Rarely,1093,Sales,3,1,Medical,1,1209,3,Male,99,4,1,Sales Executive,2,Married,2681,12140,0,Y,Yes,14,3,2,80,3,5,3,2,0,0,0,0
52,No,Travel_Rarely,910,Research & Development,2,1,Medical,1,1210,3,Male,60,3,5,Research Scientist,2,Divorced,19034,24562,4,Y,No,13,3,1,80,0,30,2,3,5,1,0,4
25,Yes,Travel_Frequently,395,Research & Development,29,3,Life Sciences,1,1211,1,Male,31,1,1,Manager,3,Divorced,2486,9356,0,Y,No,23,4,3,80,0,3,5,2,0,0,0,0
30,Yes,Travel_Rarely,426,Research & Development,10,2,Life Sciences,1,1212,3,Male,72,3,1,Manufacturing Director,2,Single,2672,5962,2,Y,No,19,3,3,80,1,4,3,2,4,4,1,0
30,No,Travel_Rarely,294,Research & Development,3,3,Human Resources,1,1213,2,Male,70,3,2,Research Director,1,Married,4687,5884,5,Y,No,19,3,4,80,1,11,3,3,3,2,0,1
45,No,Travel_Rarely,1416,Research & Development,14,3,Medical,1,1214,3,Male,89,4,4,Laboratory Technician,4,Married,16214,13318,3,Y,No,22,4,3,80,3,23,3,2,1,1,1,0
34,No,Travel_Rarely,561,Sales,5,1,Life Sciences,1,1215,2,Female,75,3,3,Sales Representative,4,Married,9320,20485,1,Y,No,14,3,2,80,0,15,3,2,6,2,1,4
48,No,Travel_Frequently,1173,Research & Development,16,2,Medical,1,1216,4,Female,69,3,4,Healthcare Representative,4,Single,15077,3367,1,Y,No,21,4,4,80,1,27,2,2,27,0,3,4
30,No,Travel_Rarely,1232,Research & Development,2,3,Life Sciences,1,1217,4,Male,88,3,2,Manufacturing Director,2,Married,4765,25351,5,Y,No,18,3,3,80,1,10,3,3,9,5,0,9
39,Yes,Travel_Rarely,1389,Sales,2,2,Life Sciences,1,1218,3,Male,74,3,3,Manager,3,Single,9355,13253,2,Y,No,14,3,1,80,1,17,3,2,5,5,2,5
29,No,Travel_Rarely,1378,Sales,2,4,Medical,1,1219,1,Male,71,3,1,Sales Executive,2,Married,2814,14528,0,Y,No,18,3,3,80,1,6,3,3,6,5,1,4
56,No,Travel_Rarely,1283,Research & Development,6,3,Technical Degree,1,1220,4,Male,50,2,5,Research Scientist,1,Divorced,19038,15422,2,Y,No,17,3,4,80,0,36,1,3,10,1,1,0
26,No,Travel_Rarely,627,Research & Development,2,1,Life Sciences,1,1221,3,Female,32,3,1,Manufacturing Director,3,Married,2524,16797,2,Y,No,24,4,4,80,1,6,2,3,6,6,0,1
39,Yes,Travel_Rarely,1020,Research & Development,1,3,Technical Degree,1,1222,1,Male,95,3,3,Healthcare Representative,1,Divorced,9629,25330,8,Y,No,22,4,3,80,1,20,3,2,1,0,0,1
42,No,Travel_Rarely,130,Research & Development,29,1,Life Sciences,1,1223,4,Male,40,3,4,Manufacturing Director,1,Divorced,14868,11498,2,Y,No,16,3,2,80,1,22,3,3,15,1,4,2
40,No,Travel_Rarely,639,Research & Development,18,2,Life Sciences,1,1224,2,Female,53,4,3,Research Scientist,4,Single,10041,9905,4,Y,No,17,3,1,80,2,20,2,2,2,1,0,2
35,No,Travel_Rarely,244,Research & Development,8,2,Life Sciences,1,1225,3,Female,79,3,3,Laboratory Technician,1,Single,11033,12581,3,Y,No,16,3,3,80,1,16,2,3,16,0,2,13
35,No,Travel_Rarely,728,Research & Development,17,4,Life Sciences,1,1226,3,Male,50,3,2,Laboratory Technician,4,Married,4675,12483,1,Y,No,21,4,4,80,2,11,3,3,2,2,2,2
37,Yes,Travel_Frequently,942,Sales,21,4,Technical Degree,1,1227,3,Female,54,4,3,Sales Executive,3,Single,10036,4358,1,Y,Yes,22,4,2,80,0,18,1,2,18,4,1,0
35,No,Travel_Rarely,319,Research & Development,9,4,Medical,1,1228,4,Male,33,2,3,Manufacturing Director,4,Married,9826,17459,3,Y,No,16,3,2,80,0,14,2,3,14,9,1,1
45,Yes,Travel_Frequently,694,Sales,5,3,Life Sciences,1,1229,3,Male,72,3,4,Sales Representative,1,Married,15701,17290,1,Y,No,24,4,4,80,0,21,3,2,1,1,0,1
57,No,Travel_Rarely,814,Research & Development,17,2,Other,1,1230,1,Male,76,3,5,Research Scientist,3,Single,19518,20088,3,Y,No,17,3,4,80,3,32,2,2,28,7,6,6
31,No,Travel_Rarely,168,Sales,6,3,Technical Degree,1,1231,4,Male,52,3,2,Sales Executive,2,Single,5323,11704,4,Y,Yes,14,3,3,80,0,9,4,3,0,0,0,0
24,Yes,Travel_Rarely,862,Sales,1,4,Marketing,1,1232,4,Male,89,3,1,Sales Executive,4,Single,2776,20264,4,Y,Yes,22,4,1,80,0,5,1,3,1,1,1,1
36,No,Travel_Rarely,245,Sales,3,5,Other,1,1233,3,Male,50,3,2,Sales Executive,2,Married,4939,22877,2,Y,No,15,3,1,80,0,13,4,2,4,4,1,4
60,No,Travel_Rarely,1266,Sales,4,2,Life Sciences,1,1234,3,Female,95,3,5,Sales Representative,2,Married,18641,15963,4,Y,No,19,3,1,80,0,40,3,2,39,2,4,2
29,Yes,Travel_Rarely,1471,Sales,21,1,Technical Degree,1,1235,1,Female,80,4,1,Sales Representative,4,Married,2741,21960,6,Y,Yes,12,3,3,80,0,4,2,1,4,4,2,0
51,No,Non-Travel,566,Research & Development,8,3,Medical,1,1236,4,Male,44,2,5,Laboratory Technician,2,Married,18329,25024,1,Y,No,19,3,1,80,0,29,5,3,6,2,0,6
52,No,Travel_Rarely,197,Research & Development,16,4,Technical Degree,1,1237,1,Male,87,3,5,Healthcare Representative,1,Married,18743,12163,2,Y,No,15,3,4,80,0,30,3,3,9,2,2,4
31,Yes,Travel_Rarely,509,Research & Development,11,4,Marketing,1,1238,1,Female,55,3,2,Research Director,3,Married,5864,13193,1,Y,Yes,20,4,4,80,3,12,5,2,12,3,1,0
42,No,Travel_Frequently,1243,Sales,2,3,Life Sciences,1,1239,3,Male,88,3,4,Sales Representative,3,Married,15359,18280,7,Y,No,11,3,2,80,1,21,3,1,11,5,0,4
51,Yes,Travel_Rarely,905,Sales,10,4,Marketing,1,1240,1,Female,74,2,5,Sales Executive,2,Divorced,19635,10665,8,Y,No,21,4,3,80,1,28,2,3,1,1,1,1
33,No,Travel_Frequently,858,Research & Development,1,3,Life Sciences,1,1241,1,Female,95,3,2,Manager,3,Married,6081,25073,2,Y,No,17,3,4,80,1,10,3,3,2,1,0,2
35,No,Travel_Rarely,814,Research & Development,4,4,Life Sciences,1,1242,3,Male,64,3,3,Laboratory Technician,1,Single,9693,13586,5,Y,No,15,3,4,80,1,16,1,3,0,0,0,0
31,No,Non-Travel,379,Research & Development,13,5,Life Sciences,1,1243,1,Male,93,3,1,Laboratory Technician,3,Married,2924,19171,3,Y,No,13,3,4,80,2,6,5,3,6,6,0,6
27,Yes,Travel_Rarely,462,Sales,7,4,Other,1,1244,1,Male,56,3,2,Sales Executive,4,Divorced,5018,16574,5,Y,No,13,3,1,80,3,8,3,1,1,1,0,0
30,Yes,Travel_Rarely,1495,Research & Development,13,3,Life Sciences,1,1245,1,Male,60,2,2,Laboratory Technician,3,Single,4712,12676,2,Y,No,11,3,1,80,0,9,3,4,2,1,1,2
25,Yes,Travel_Rarely,313,Research & Development,2,2,Medical,1,1246,2,Male,41,3,1,Research Scientist,3,Married,2228,25503,4,Y,Yes,17,3,4,80,2,4,5,3,4,0,4,4
37,Yes,Travel_Rarely,1384,Research & Development,11,3,Life Sciences,1,1247,4,Female,74,3,3,Research Scientist,1,Single,10305,20233,1,Y,Yes,24,4,3,80,0,18,6,4,3,3,1,2
29,No,Travel_Rarely,1222,Research & Development,1,3,Other,1,1248,4,Male,61,4,2,Laboratory Technician,2,Married,5325,9127,3,Y,No,12,3,1,80,0,10,2,2,6,2,0,2
39,No,Travel_Rarely,1335,Sales,6,4,Life Sciences,1,1249,3,Male,83,1,3,Sales Representative,1,Single,10907,26171,3,Y,No,18,3,3,80,0,17,3,3,3,0,2,3
22,Yes,Travel_Rarely,879,Sales,4,1,Marketing,1,1250,3,Male,95,4,1,Sales Representative,3,Married,3383,2941,2,Y,Yes,24,4,4,80,1,2,3,3,0,0,0,0
39,No,Travel_Rarely,122,Sales,6,2,Technical Degree,1,1251,1,Male,61,4,3,Sales Executive,3,Divorced,9361,13257,0,Y,No,14,3,2,80,1,20,3,3,3,3,0,2
44,No,Travel_Frequently,830,Research & Development,1,4,Medical,1,1252,1,Male,44,4,4,Healthcare Representative,4,Married,15804,22539,2,Y,Yes,14,3,4,80,0,22,6,3,4,4,0,0
18,Yes,Travel_Frequently,717,Research & Development,3,1,Life Sciences,1,1253,2,Male,84,3,1,Healthcare Representative,1,Married,2616,19673,4,Y,No,23,4,1,80,1,0,4,3,0,0,0,0
40,No,Travel_Rarely,472,Research & Development,8,3,Marketing,1,1254,3,Male,70,4,3,Healthcare Representative,3,Single,10530,11798,3,Y,No,21,4,4,80,1,19,3,4,3,2,1,0
48,No,Travel_Rarely,725,Sales,6,3,Technical Degree,1,1255,4,Female,69,3,5,Sales Executive,3,Married,18808,14188,2,Y,No,15,3,3,80,0,29,2,3,3,3,1,3
25,No,Travel_Frequently,1344,Research & Development,6,3,Marketing,1,1256,3,Male,78,1,1,Manufacturing Director,3,Divorced,2168,23956,2,Y,No,19,3,2,80,0,6,3,3,6,1,0,5
52,Yes,Travel_Rarely,733,Research & Development,5,2,Life Sciences,1,1257,3,Female,67,2,5,Manager,4,Married,18622,8426,4,Y,Yes,25,4,4,80,1,30,3,2,11,3,3,11
40,No,Travel_Frequently,862,Research & Development,23,4,Technical Degree,1,1258,1,Male,85,4,3,Manufacturing Director,2,Single,9353,26632,4,Y,No,17,3,4,80,0,20,2,4,12,0,0,0
30,No,Non-Travel,948,Sales,21,3,Life Sciences,1,1259,4,Male,63,1,2,Sales Executive,1,Married,4695,7742,2,Y,Yes,13,3,4,80,0,9,2,3,9,2,5,4
36,No,Travel_Rarely,1049,Research & Development,3,4,Medical,1,1260,2,Male,30,3,2,Laboratory Technician,3,Divorced,4856,21798,1,Y,No,14,3,2,80,3,13,2,3,12,1,2,0
42,No,Travel_Frequently,1221,Sales,3,3,Marketing,1,1261,4,Female,39,2,4,Sales Executive,2,Single,15814,20935,5,Y,Yes,19,3,3,80,2,22,3,3,4,4,0,4
37,No,Travel_Rarely,289,Research & Development,6,2,Life Sciences,1,1262,3,Male,69,2,3,Laboratory Technician,1,Married,10877,5544,0,Y,No,11,3,3,80,0,18,3,3,13,4,7,1
41,No,Travel_Rarely,602,Research & Development,1,2,Marketing,1,1263,4,Male,45,2,3,Research Scientist,2,Married,9001,10512,4,Y,No,18,3,3,80,1,15,0,4,5,2,0,0
28,No,Travel_Rarely,977,Research & Development,2,1,Medical,1,1264,4,Male,75,3,2,Laboratory Technician,2,Married,5958,18044,0,Y,No,18,3,4,80,0,8,3,2,2,0,1,2
38,No,Travel_Rarely,476,Research & Development,2,3,Technical Degree,1,1265,4,Male,53,3,3,Healthcare Representative,3,Divorced,9513,3901,3,Y,No,24,4,1,80,1,17,0,3,2,1,0,1
23,Yes,Travel_Frequently,535,Research & Development,2,1,Life Sciences,1,1266,3,Male,43,4,1,Research Director,1,Married,3008,14594,4,Y,No,23,4,2,80,1,0,3,2,0,0,0,0
35,Yes,Travel_Rarely,1269,Research & Development,8,3,Medical,1,1267,3,Female,68,3,2,Research Scientist,3,Married,4207,17799,2,Y,Yes,17,3,3,80,0,10,3,3,1,0,1,1
28,Yes,Travel_Rarely,600,Research & Development,3,3,Marketing,1,1268,2,Male,47,4,2,Manager,3,Married,5514,2512,3,Y,Yes,23,4,1,80,0,7,3,2,1,0,0,1
30,No,Travel_Rarely,107,Sales,1,2,Life Sciences,1,1269,4,Female,70,3,2,Sales Executive,3,Married,3996,18216,2,Y,No,16,3,4,80,0,11,3,2,0,0,0,0
48,Yes,Travel_Frequently,1442,Research & Development,17,2,Life Sciences,1,1270,3,Male,85,3,3,Manufacturing Director,4,Single,9988,5249,1,Y,Yes,17,3,3,80,1,15,2,3,15,6,3,1
46,No,Non-Travel,1355,Sales,16,4,Human Resources,1,1271,1,Female,65,3,4,Sales Representative,1,Divorced,15454,11204,5,Y,Yes,20,4,3,80,2,25,1,3,20,1,0,2
42,No,Travel_Rarely,1247,Research & Development,15,4,Life Sciences,1,1272,3,Female,53,3,4,Healthcare Representative,4,Single,15414,25842,2,Y,No,14,3,4,80,3,22,3,3,6,3,0,6
26,No,Travel_Rarely,718,Sales,3,1,Other,1,1273,1,Male,58,3,1,Manager,3,Divorced,2359,22296,2,Y,No,14,3,3,80,3,5,3,1,5,5,1,3
34,No,Travel_Rarely,812,Research & Development,1,2,Life Sciences,1,1274,3,Female,51,3,3,Laboratory Technician,4,Single,10129,14557,2,Y,No,15,3,3,80,3,14,2,4,1,1,1,0
48,No,Travel_Rarely,576,Research & Development,1,4,Life Sciences,1,1275,3,Female,40,3,4,Healthcare Representative,3,Married,15534,4725,3,Y,No,14,3,1,80,0,24,2,4,18,1,0,7
38,No,Travel_Rarely,675,Research & Development,2,1,Marketing,1,1276,2,Male,70,3,3,Research Scientist,3,Married,9674,22152,1,Y,No,14,3,2,80,1,18,1,2,5,5,0,0
58,Yes,Travel_Rarely,897,Research & Development,1,5,Medical,1,1277,1,Male,78,2,5,Manufacturing Director,4,Single,19503,6724,5,Y,Yes,19,3,1,80,0,35,2,3,0,0,0,0
40,No,Travel_Rarely,609,Research & Development,16,1,Medical,1,1278,4,Female,40,3,3,Healthcare Representative,4,Divorced,9742,8962,1,Y,No,16,3,3,80,2,17,3,3,1,1,0,0
38,No,Travel_Rarely,693,Sales,29,4,Medical,1,1279,4,Male,81,2,3,Sales Executive,2,Divorced,10117,7607,3,Y,No,24,4,3,80,1,15,3,2,2,2,2,0
34,Yes,Travel_Frequently,276,Sales,13,3,Technical Degree,1,1280,4,Male,96,3,2,Sales Executive,2,Married,5124,3923,3,Y,No,13,3,2,80,0,12,3,2,0,0,0,0
38,Yes,Travel_Rarely,793,Sales,10,4,Life Sciences,1,1281,2,Female,37,3,3,Sales Representative,3,Married,9930,11949,3,Y,Yes,13,3,3,80,1,15,2,3,2,2,2,0
35,No,Travel_Rarely,1396,Sales,7,3,Medical,1,1282,4,Male,60,4,3,Sales Executive,4,Married,10144,18024,4,Y,No,20,4,2,80,0,15,5,3,0,0,0,0
43,No,Travel_Rarely,889,Research & Development,11,3,Life Sciences,1,1283,3,Female,35,1,4,Research Scientist,2,Divorced,15061,14705,3,Y,Yes,18,3,4,80,0,24,3,3,2,2,0,1
45,Yes,Travel_Frequently,673,Research & Development,23,1,Medical,1,1284,2,Female,42,2,4,Manufacturing Director,3,Divorced,14559,26754,1,Y,Yes,13,3,1,80,3,22,2,3,2,1,0,0
29,Yes,Travel_Frequently,287,Research & Development,7,2,Life Sciences,1,1285,1,Female,35,2,2,Laboratory Technician,4,Single,5365,5906,1,Y,Yes,24,4,4,80,2,9,1,3,9,0,6,4
24,No,Travel_Frequently,688,Research & Development,1,4,Life Sciences,1,1286,2,Male,96,3,1,Healthcare Representative,4,Married,3513,19364,4,Y,No,14,3,3,80,0,5,3,3,2,2,2,1
20,Yes,Travel_Rarely,1219,Research & Development,1,3,Medical,1,1287,1,Male,56,3,1,Laboratory Technician,3,Single,2979,26072,2,Y,No,16,3,3,80,0,1,3,2,1,1,0,0
41,No,Non-Travel,615,Research & Development,7,4,Life Sciences,1,1288,4,Male,74,3,4,Research Scientist,3,Single,15490,13625,2,Y,No,19,3,2,80,0,22,3,3,9,3,2,2
26,No,Travel_Rarely,1303,Research & Development,3,3,Life Sciences,1,1289,1,Male,55,3,1,Healthcare Representative,4,Married,2774,15330,1,Y,No,16,3,4,80,3,4,4,3,4,4,4,1
18,Yes,Travel_Rarely,755,Research & Development,19,4,Medical,1,1290,3,Male,33,3,1,Laboratory Technician,3,Single,3243,21275,1,Y,No,13,3,2,80,2,0,3,3,0,0,0,0
40,No,Non-Travel,657,Sales,7,3,Medical,1,1291,3,Male,66,3,4,Sales Executive,4,Married,15188,6241,3,Y,Yes,22,4,3,80,1,21,4,3,16,0,0,2
59,No,Travel_Rarely,396,Sales,9,5,Technical Degree,1,1292,2,Male,50,2,5,Sales Executive,2,Married,18827,20609,3,Y,No,16,3,4,80,1,36,1,3,3,2,0,3
36,No,Travel_Rarely,1356,Research & Development,1,4,Medical,1,1293,3,Male,57,2,3,Laboratory Technician,3,Divorced,10463,4853,2,Y,No,14,3,4,80,1,17,2,3,1,1,1,1
44,No,Travel_Rarely,1361,Sales,5,3,Life Sciences,1,1294,1,Female,61,3,4,Sales Executive,2,Single,14981,13064,3,Y,No,15,3,3,80,0,22,2,3,3,3,3,3
37,No,Travel_Rarely,1218,Sales,4,4,Medical,1,1295,4,Female,82,3,3,Sales Executive,2,Married,10333,4970,2,Y,No,25,4,4,80,2,17,3,4,7,0,5,2
36,No,Non-Travel,145,Research & Development,9,4,Life Sciences,1,1296,2,Female,62,3,3,Healthcare Representative,4,Single,10463,14806,7,Y,Yes,24,4,3,80,1,14,2,3,3,2,0,2
45,No,Travel_Rarely,640,Research & Development,3,2,Marketing,1,1297,3,Female,55,3,4,Healthcare Representative,3,Married,15640,15426,1,Y,Yes,15,3,2,80,0,25,3,2,8,0,0,0
34,No,Travel_Rarely,140,Research & Development,29,3,Human Resources,1,1298,4,Male,46,3,3,Manufacturing Director,3,Single,9050,11997,1,Y,Yes,13,3,3,80,0,14,2,3,2,1,1,2
39,No,Travel_Rarely,390,Sales,8,1,Medical,1,1299,4,Female,85,4,3,Sales Executive,2,Divorced,9816,18533,5,Y,No,15,3,2,80,1,16,2,2,9,2,3,0
39,No,Travel_Rarely,349,Sales,8,4,Medical,1,1300,4,Female,59,2,3,Sales Representative,3,Single,9678,5456,5,Y,No,22,4,2,80,0,20,2,3,3,3,2,2
30,No,Travel_Rarely,460,Research & Development,20,2,Life Sciences,1,1301,3,Male,34,3,1,Manufacturing Director,3,Single,2502,13145,1,Y,No,22,4,4,80,1,2,2,3,2,1,1,2
45,No,Travel_Rarely,310,Research & Development,29,1,Medical,1,1302,3,Male,35,2,4,Manufacturing Director,3,Married,15385,21534,2,Y,No,15,3,3,80,2,24,2,3,6,1,2,4
35,No,Travel_Rarely,225,Research & Development,1,3,Technical Degree,1,1303,3,Male,91,1,3,Laboratory Technician,2,Married,10261,23228,2,Y,No,17,3,1,80,1,15,2,2,9,6,0,9
30,No,Travel_Rarely,1076,Research & Development,13,3,Life Sciences,1,1304,4,Male,39,3,2,Research Director,4,Single,4924,11292,5,Y,No,19,3,4,80,1,9,0,3,2,2,1,2
41,No,Non-Travel,504,Research & Development,1,4,Life Sciences,1,1305,4,Male,99,3,4,Healthcare Representative,4,Married,15197,7097,3,Y,Yes,15,3,2,80,1,22,3,4,14,1,11,0
28,No,Travel_Rarely,385,Sales,4,5,Medical,1,1306,1,Male,39,3,2,Sales Executive,2,Single,5055,17826,4,Y,No,19,3,4,80,0,8,2,1,8,5,0,1
37,No,Travel_Rarely,764,Sales,1,3,Medical,1,1307,2,Female,73,3,2,Sales Executive,2,Married,5898,9999,1,Y,No,25,4,4,80,1,8,0,3,2,1,1,2
36,No,Travel_Rarely,677,Sales,7,1,Life Sciences,1,1308,4,Male,85,3,3,Sales Representative,3,Married,9645,22581,3,Y,Yes,15,3,4,80,0,17,2,4,17,11,0,2
46,No,Travel_Rarely,342,Sales,5,4,Other,1,1309,3,Male,33,3,4,Sales Executive,4,Married,14559,24745,4,Y,No,14,3,4,80,2,24,5,3,8,5,1,2
41,No,Travel_Frequently,268,Sales,7,3,Life Sciences,1,1310,2,Female,42,3,4,Manager,4,Divorced,14355,3875,2,Y,No,16,3,2,80,2,21,3,3,4,4,1,4
36,No,Non-Travel,662,Research & Development,9,3,Life Sciences,1,1311,3,Male,48,2,3,Manufacturing Director,3,Married,10017,15506,4,Y,No,18,3,3,80,0,15,6,3,1,0,1,1
44,No,Travel_Rarely,249,Research & Development,7,3,Medical,1,1312,3,Female,99,3,4,Manufacturing Director,3,Single,14843,19467,3,Y,No,14,3,2,80,1,25,3,3,5,4,4,5
49,No,Travel_Frequently,802,Research & Development,2,3,Life Sciences,1,1313,4,Male,91,3,5,Research Scientist,3,Married,19501,13450,2,Y,No,15,3,2,80,1,29,6,2,1,1,1,1
42,No,Travel_Rarely,724,Sales,14,3,Medical,1,1314,3,Female,38,1,3,Sales Executive,2,Married,9001,26030,2,Y,No,20,4,3,80,3,14,2,1,4,1,1,2
37,Yes,Travel_Rarely,366,Research & Development,6,4,Life Sciences,1,1315,2,Male,75,3,3,Manager,1,Single,9476,23677,2,Y,Yes,11,3,1,80,1,18,2,3,4,1,0,3
24,Yes,Travel_Rarely,602,Sales,5,3,Life Sciences,1,1316,1,Male,85,3,1,Sales Executive,4,Single,2001,21847,1,Y,Yes,20,4,4,80,1,3,3,4,3,3,3,3
27,Yes,Travel_Rarely,380,Research & Development,29,4,Life Sciences,1,1317,1,Male,69,3,1,Healthcare Representative,1,Single,3060,2471,4,Y,Yes,22,4,4,80,1,6,6,2,1,1,0,1
34,No,Travel_Rarely,850,Research & Development,2,3,Other,1,1318,3,Female,96,3,2,Laboratory Technician,4,Divorced,5589,20855,1,Y,Yes,25,4,2,80,0,13,4,2,13,0,3,4
31,No,Travel_Frequently,1004,Research & Development,6,2,Medical,1,1319,3,Female,91,3,2,Research Scientist,4,Married,5403,8139,3,Y,No,11,3,3,80,0,10,3,3,3,3,0,3
35,No,Travel_Rarely,260,Research & Development,9,4,Marketing,1,1320,2,Male,75,3,3,Research Scientist,4,Married,9148,15704,0,Y,No,24,4,3,80,0,15,1,3,4,0,0,3
37,No,Non-Travel,1185,Sales,1,3,Life Sciences,1,1321,3,Female,35,3,3,Sales Executive,4,Divorced,9352,18759,2,Y,Yes,18,3,4,80,0,18,2,2,11,0,0,1
41,No,Travel_Frequently,600,Sales,3,2,Medical,1,1322,4,Male,58,3,3,Manager,3,Married,9940,15020,5,Y,No,17,3,3,80,0,17,1,3,7,4,7,4
36,Yes,Travel_Rarely,1442,Research & Development,12,3,Medical,1,1323,2,Female,48,3,2,Laboratory Technician,4,Single,4187,21397,4,Y,Yes,15,3,2,80,1,13,2,2,2,1,0,2
41,No,Travel_Rarely,589,Research & Development,2,3,Other,1,1324,2,Female,44,3,4,Laboratory Technician,1,Divorced,15155,17128,4,Y,No,19,3,3,80,1,22,2,4,3,2,0,0
37,No,Travel_Rarely,566,Research & Development,5,4,Marketing,1,1325,4,Male,86,2,3,Laboratory Technician,1,Married,10710,14450,1,Y,Yes,11,3,3,80,3,17,2,3,2,1,0,2
18,Yes,Non-Travel,329,Research & Development,7,3,Marketing,1,1326,2,Male,67,3,1,Laboratory Technician,4,Single,2692,9078,3,Y,No,25,4,4,80,0,0,4,3,0,0,0,0
28,No,Travel_Rarely,767,Research & Development,8,4,Life Sciences,1,1327,4,Female,50,4,1,Laboratory Technician,1,Married,1906,5688,1,Y,Yes,13,3,1,80,2,0,2,3,0,0,0,0
35,No,Travel_Rarely,1481,Sales,10,1,Medical,1,1328,3,Female,80,3,2,Sales Representative,4,Married,4835,20316,5,Y,No,16,3,1,80,1,9,2,3,9,9,1,6
25,No,Travel_Rarely,923,Research & Development,16,3,Medical,1,1329,4,Female,68,3,1,Laboratory Technician,3,Married,2421,16452,1,Y,No,11,3,4,80,1,1,2,2,1,1,0,1
42,No,Travel_Rarely,900,Research & Development,3,5,Other,1,1330,4,Female,49,3,4,Laboratory Technician,4,Divorced,16584,14718,1,Y,No,24,4,4,80,1,23,2,1,1,1,1,1
50,No,Travel_Rarely,854,Research & Development,9,4,Life Sciences,1,1331,3,Male,31,3,4,Research Scientist,2,Married,16299,8664,3,Y,Yes,22,4,4,80,1,25,2,3,2,1,0,1
48,Yes,Travel_Rarely,1352,Research & Development,10,2,Life Sciences,1,1332,4,Female,61,3,4,Manager,3,Single,15738,26884,3,Y,Yes,16,3,3,80,0,24,2,3,1,1,1,0
34,No,Travel_Rarely,1294,Research & Development,2,2,Life Sciences,1,1333,4,Male,33,3,3,Research Scientist,1,Divorced,9594,23208,3,Y,Yes,12,3,3,80,1,14,5,3,3,3,2,2
50,No,Travel_Rarely,1409,Research & Development,27,3,Life Sciences,1,1334,3,Female,36,3,5,Research Scientist,4,Single,19820,4214,3,Y,No,20,4,3,80,1,30,2,3,5,1,0,3
38,Yes,Travel_Rarely,363,Research & Development,16,3,Life Sciences,1,1335,2,Male,32,3,3,Manufacturing Director,1,Single,9119,14079,3,Y,Yes,24,4,1,80,3,18,1,3,5,2,1,1
33,Yes,Travel_Rarely,961,Research & Development,2,4,Technical Degree,1,1336,3,Male,54,3,2,Manufacturing Director,4,Single,5845,4964,3,Y,No,15,3,3,80,2,12,3,2,10,1,0,1
31,No,Travel_Rarely,465,Research & Development,8,4,Medical,1,1337,4,Male,38,3,2,Laboratory Technician,2,Married,5756,2879,3,Y,No,21,4,1,80,1,12,2,3,1,0,0,1
34,No,Travel_Rarely,199,Research & Development,10,3,Technical Degree,1,1338,3,Male,55,2,3,Laboratory Technician,1,Single,9709,26251,3,Y,No,20,4,2,80,1,15,2,3,15,1,2,1
33,No,Travel_Rarely,1137,Research & Development,4,4,Marketing,1,1339,1,Male,93,2,3,Healthcare Representative,3,Single,10483,3031,2,Y,No,25,4,4,80,3,14,2,3,3,3,2,3
38,Yes,Travel_Rarely,885,Human Resources,15,3,Life Sciences,1,1340,1,Female,47,2,3,Human Resources,1,Divorced,9531,11975,2,Y,Yes,12,3,2,80,3,18,2,3,2,2,2,2
38,No,Travel_Rarely,684,Research & Development,9,2,Medical,1,1341,3,Female,31,3,3,Healthcare Representative,4,Divorced,9040,11542,3,Y,Yes,11,3,4,80,1,19,3,4,9,1,0,5
36,No,Travel_Rarely,1028,Research & Development,8,3,Life Sciences,1,1342,2,Male,30,3,3,Manufacturing Director,2,Divorced,10386,5206,3,Y,No,24,4,2,80,1,14,4,3,12,2,0,1
40,No,Travel_Rarely,236,Research & Development,1,4,Technical Degree,1,1343,3,Female,77,3,4,Laboratory Technician,2,Divorced,15248,18391,3,Y,No,22,4,2,80,0,21,2,3,3,0,0,3
47,Yes,Travel_Rarely,360,Research & Development,4,4,Life Sciences,1,1344,4,Female,92,1,4,Laboratory Technician,3,Single,15661,24910,3,Y,Yes,24,4,3,80,1,22,3,3,10,1,1,2
45,Yes,Travel_Rarely,1017,Research & Development,4,3,Life Sciences,1,1345,3,Male,65,3,4,Research Scientist,2,Single,16392,25176,1,Y,Yes,24,4,4,80,0,21,2,3,16,6,1,8
23,Yes,Travel_Frequently,618,Sales,10,3,Life Sciences,1,1346,1,Male,92,3,1,Sales Representative,2,Divorced,2366,9531,1,Y,No,22,4,3,80,1,0,2,3,0,0,0,0
18,Yes,Travel_Frequently,1419,Sales,7,4,Medical,1,1347,1,Female,55,3,1,Sales Executive,4,Married,2713,6628,0,Y,Yes,23,4,4,80,0,0,2,3,0,0,0,0
45,Yes,Travel_Frequently,252,Research & Development,1,3,Life Sciences,1,1348,2,Female,35,3,4,Laboratory Technician,1,Divorced,16241,11623,1,Y,No,14,3,1,80,0,26,3,3,13,1,0,0
24,No,Travel_Frequently,1383,Research & Development,2,3,Life Sciences,1,1349,2,Male,55,2,1,Manufacturing Director,1,Married,3201,24107,3,Y,No,12,3,4,80,0,4,1,3,4,4,4,0
34,Yes,Travel_Rarely,969,Research & Development,5,5,Marketing,1,1350,3,Female,72,4,3,Manager,2,Single,9380,8265,6,Y,No,19,3,2,80,2,15,3,3,8,1,0,1
26,No,Travel_Rarely,1274,Sales,10,4,Marketing,1,1351,3,Male,30,2,1,Sales Executive,3,Single,2226,10555,2,Y,Yes,22,4,4,80,1,0,3,3,0,0,0,0
20,No,Travel_Rarely,1075,Research & Development,10,3,Life Sciences,1,1352,2,Male,38,3,1,Research Director,3,Divorced,2483,19968,1,Y,Yes,21,4,3,80,1,0,4,2,0,0,0,0
41,No,Travel_Rarely,243,Research & Development,5,3,Medical,1,1353,1,Male,56,4,3,Laboratory Technician,2,Married,9356,8135,1,Y,No,21,4,4,80,1,20,1,3,4,3,4,1
43,No,Travel_Rarely,352,Research & Development,1,3,Technical Degree,1,1354,1,Male,32,3,4,Research Scientist,4,Single,15442,23247,1,Y,No,13,3,3,80,3,21,0,3,0,0,0,0
31,No,Travel_Frequently,1059,Research & Development,2,2,Life Sciences,1,1355,4,Female,90,3,1,Research Scientist,1,Single,2847,8483,3,Y,No,22,4,1,80,0,6,1,2,4,4,1,4
18,No,Travel_Rarely,1008,Research & Development,2,4,Technical Degree,1,1356,3,Female,31,2,1,Laboratory Technician,3,Married,2967,8735,3,Y,No,19,3,4,80,1,0,5,3,0,0,0,0
31,No,Travel_Rarely,745,Research & Development,12,3,Life Sciences,1,1357,4,Male,60,3,2,Research Scientist,2,Single,4695,11727,2,Y,No,14,3,2,80,1,10,3,3,2,2,2,0
40,No,Travel_Rarely,1172,Research & Development,1,4,Medical,1,1358,4,Male,94,3,3,Research Scientist,3,Single,9757,25633,0,Y,Yes,20,4,2,80,2,20,4,3,6,0,6,3
23,Yes,Travel_Rarely,1497,Sales,5,2,Medical,1,1359,3,Female,47,1,1,Sales Representative,4,Single,1566,23820,4,Y,Yes,22,4,4,80,0,2,3,3,2,2,0,2
38,No,Travel_Rarely,195,Research & Development,8,3,Medical,1,1360,4,Female,35,3,3,Healthcare Representative,3,Married,9887,18837,2,Y,No,17,3,1,80,3,19,3,4,9,9,2,8
36,No,Travel_Frequently,862,Research & Development,26,1,Technical Degree,1,1361,1,Female,71,3,2,Healthcare Representative,4,Single,5905,6771,3,Y,Yes,17,3,2,80,0,12,2,2,12,2,1,1
42,Yes,Travel_Rarely,457,Sales,29,4,Life Sciences,1,1362,3,Female,97,3,4,Sales Executive,2,Single,14445,7233,2,Y,Yes,16,3,3,80,0,22,4,4,4,4,0,2
38,Yes,Travel_Frequently,633,Research & Development,24,3,Life Sciences,1,1363,2,Male,33,4,3,Research Scientist,1,Married,10090,26790,5,Y,No,18,3,4,80,0,19,4,2,18,7,0,3
28,Yes,Travel_Rarely,793,Research & Development,10,3,Medical,1,1364,4,Female,33,2,1,Research Scientist,1,Married,2433,20698,3,Y,No,21,4,1,80,0,3,2,1,0,0,0,0
47,No,Travel_Frequently,1397,Research & Development,10,1,Marketing,1,1365,1,Male,94,3,4,Healthcare Representative,3,Divorced,15781,22607,0,Y,No,21,4,3,80,1,27,2,3,14,5,1,5
35,No,Travel_Rarely,749,Research & Development,11,2,Life Sciences,1,1366,4,Male,70,3,2,Research Director,2,Single,5295,13251,4,Y,No,16,3,4,80,1,11,3,3,11,11,0,0
36,Yes,Travel_Rarely,803,Sales,15,1,Marketing,1,1367,1,Male,72,3,2,Sales Executive,1,Single,5442,26740,2,Y,Yes,19,3,4,80,0,13,0,3,3,3,0,3
28,No,Travel_Rarely,825,Research & Development,24,2,Life Sciences,1,1368,4,Male,84,3,1,Research Scientist,3,Married,2838,14926,0,Y,No,15,3,4,80,1,5,4,3,2,0,0,0
32,Yes,Travel_Frequently,1018,Research & Development,4,3,Life Sciences,1,1369,2,Female,48,3,2,Laboratory Technician,2,Married,5996,17203,3,Y,Yes,21,4,4,80,2,13,2,3,2,0,1,1
28,No,Non-Travel,165,Research & Development,4,3,Marketing,1,1370,3,Female,50,1,2,Laboratory Technician,1,Married,5408,15349,2,Y,No,13,3,3,80,2,9,2,3,9,1,0,4
35,No,Travel_Rarely,1027,Research & Development,4,3,Life Sciences,1,1371,3,Male,87,3,2,Laboratory Technician,2,Married,4776,5786,1,Y,No,15,3,3,80,1,11,3,3,11,0,1,0
52,No,Travel_Rarely,1289,Sales,8,3,Medical,1,1372,2,Male,59,3,5,Sales Executive,4,Single,19159,23108,5,Y,Yes,14,3,1,80,3,28,3,2,3,3,0,1
24,No,Non-Travel,828,Research & Development,11,2,Life Sciences,1,1373,3,Male,36,3,1,Manufacturing Director,2,Single,2578,10299,9,Y,No,13,3,4,80,1,4,2,1,4,0,0,4
22,Yes,Travel_Rarely,867,Research & Development,16,2,Life Sciences,1,1374,4,Male,98,3,1,Research Scientist,4,Single,2897,7519,5,Y,Yes,11,3,4,80,0,2,5,3,1,1,0,1
50,No,Travel_Rarely,1024,Sales,4,2,Medical,1,1375,1,Female,93,2,5,Sales Executive,3,Married,18848,5994,2,Y,No,18,3,4,80,0,31,6,2,4,2,4,0
35,No,Travel_Rarely,754,Research & Development,3,4,Medical,1,1376,4,Female,31,2,2,Manager,3,Single,4793,13905,3,Y,No,25,4,1,80,0,8,3,3,8,2,0,3
30,No,Travel_Rarely,1006,Sales,29,3,Life Sciences,1,1377,3,Female,96,2,2,Sales Executive,2,Married,5319,10556,2,Y,No,14,3,3,80,1,11,3,3,1,1,1,0
46,No,Travel_Frequently,1142,Sales,2,2,Medical,1,1378,4,Female,38,3,4,Sales Executive,2,Married,15333,24370,2,Y,No,22,4,3,80,2,27,3,2,23,5,0,1
31,No,Travel_Frequently,708,Sales,2,2,Life Sciences,1,1379,2,Female,52,4,2,Sales Executive,3,Divorced,5838,7707,6,Y,Yes,13,3,3,80,2,10,3,3,10,0,1,2
53,No,Travel_Rarely,847,Research & Development,10,4,Medical,1,1380,3,Male,43,3,5,Research Scientist,2,Single,18851,19000,2,Y,No,22,4,4,80,0,34,5,2,28,0,0,0
43,Yes,Travel_Rarely,1041,Research & Development,1,4,Other,1,1381,4,Male,83,2,3,Laboratory Technician,2,Single,8611,4911,3,Y,No,14,3,3,80,1,18,2,3,1,0,1,1
32,Yes,Travel_Frequently,1426,Sales,4,3,Technical Degree,1,1382,3,Male,74,2,2,Sales Representative,1,Married,4981,7044,2,Y,Yes,11,3,2,80,1,13,1,3,1,1,1,0
56,No,Travel_Rarely,189,Research & Development,2,3,Life Sciences,1,1383,3,Male,45,3,5,Laboratory Technician,4,Divorced,18124,4933,3,Y,No,22,4,4,80,3,37,5,3,0,0,0,0
31,No,Travel_Frequently,664,Research & Development,1,2,Life Sciences,1,1384,1,Female,86,3,2,Laboratory Technician,3,Single,5449,16427,2,Y,No,16,3,3,80,0,11,2,2,10,6,0,7
43,Yes,Travel_Rarely,1370,Sales,6,5,Other,1,1385,1,Male,37,3,4,Sales Executive,3,Single,14295,26367,3,Y,Yes,13,3,2,80,1,23,3,3,8,1,2,8
39,No,Travel_Rarely,1238,Sales,3,4,Medical,1,1386,3,Male,54,3,3,Sales Executive,3,Married,9206,9585,1,Y,No,18,3,2,80,3,20,2,2,1,1,0,1
48,Yes,Non-Travel,543,Research & Development,4,2,Medical,1,1387,4,Male,70,3,5,Research Director,4,Divorced,18882,10108,4,Y,Yes,21,4,4,80,3,28,6,3,12,2,2,8
51,No,Travel_Rarely,1133,Research & Development,1,4,Marketing,1,1388,3,Female,91,2,5,Research Director,3,Divorced,19999,9785,5,Y,No,24,4,4,80,0,31,4,3,2,2,0,2
37,No,Travel_Rarely,660,Research & Development,11,4,Life Sciences,1,1389,1,Male,47,2,2,Research Scientist,3,Divorced,4556,2536,4,Y,Yes,25,4,3,80,0,13,5,3,1,1,1,0
30,No,Travel_Rarely,1225,Sales,3,2,Medical,1,1390,3,Female,79,1,2,Sales Representative,4,Married,5207,24872,3,Y,No,24,4,1,80,1,11,5,3,4,4,1,2
41,No,Travel_Rarely,1470,Sales,3,3,Other,1,1391,2,Female,70,2,2,Sales Executive,4,Married,5547,26480,3,Y,No,24,4,1,80,2,13,1,3,0,0,0,0
30,Yes,Travel_Rarely,854,Research & Development,2,2,Medical,1,1392,3,Male,63,2,2,Manager,1,Married,6090,18114,3,Y,No,23,4,2,80,0,9,2,1,2,2,2,2
55,No,Non-Travel,1002,Research & Development,4,1,Life Sciences,1,1393,4,Male,41,3,5,Laboratory Technician,1,Married,19566,11507,3,Y,No,20,4,3,80,2,36,3,3,3,2,1,3
38,No,Travel_Frequently,582,Sales,4,4,Life Sciences,1,1394,4,Female,71,3,3,Manager,4,Divorced,10456,17903,3,Y,No,15,3,3,80,0,19,4,3,14,7,0,0
33,No,Travel_Rarely,804,Research & Development,6,2,Life Sciences,1,1395,1,Male,84,3,2,Healthcare Representative,4,Married,5718,13735,4,Y,No,19,3,3,80,1,13,2,1,12,2,1,6
38,No,Travel_Rarely,1467,Research & Development,27,4,Marketing,1,1396,4,Female,88,3,3,Research Scientist,3,Married,9074,12726,0,Y,Yes,19,3,4,80,1,19,5,3,4,4,1,0
24,No,Travel_Rarely,1044,Human Resources,18,5,Life Sciences,1,1397,3,Male,80,3,1,Human Resources,3,Married,3015,16473,2,Y,No,25,4,1,80,0,5,2,3,5,1,0,5
28,No,Travel_Rarely,1359,Research & Development,7,1,Life Sciences,1,1398,4,Male,82,2,2,Manager,3,Married,5709,14789,3,Y,No,21,4,1,80,0,9,4,3,6,1,6,0
47,No,Travel_Rarely,894,Research & Development,1,3,Other,1,1399,1,Female,38,3,4,Healthcare Representative,3,Married,14726,2988,2,Y,No,12,3,2,80,1,26,3,3,3,3,2,3
30,No,Travel_Frequently,1360,Research & Development,7,4,Life Sciences,1,1400,3,Female,32,3,2,Research Scientist,3,Divorced,4852,14188,2,Y,No,15,3,1,80,2,9,3,3,9,1,0,0
27,Yes,Travel_Rarely,227,Research & Development,1,4,Life Sciences,1,1401,2,Female,37,3,2,Manufacturing Director,1,Single,4718,4347,3,Y,No,17,3,1,80,0,8,2,3,8,1,4,1
41,No,Travel_Frequently,791,Sales,9,4,Life Sciences,1,1402,3,Female,88,3,4,Sales Executive,4,Married,15763,4104,3,Y,No,17,3,3,80,1,21,1,3,7,1,0,5
47,No,Travel_Rarely,578,Research & Development,3,3,Life Sciences,1,1403,1,Female,59,2,4,Research Scientist,4,Married,15258,25335,5,Y,No,20,4,4,80,1,25,2,3,7,5,2,1
43,No,Travel_Rarely,786,Human Resources,14,3,Medical,1,1404,1,Female,96,4,4,Human Resources,3,Married,15107,15768,2,Y,Yes,13,3,4,80,1,24,2,3,8,8,0,2
46,No,Travel_Rarely,473,Research & Development,22,3,Technical Degree,1,1405,1,Female,84,2,4,Research Scientist,2,Married,14530,23471,5,Y,No,17,3,4,80,2,22,3,3,3,3,3,3
30,No,Travel_Rarely,1245,Research & Development,4,5,Technical Degree,1,1406,2,Male,63,3,2,Healthcare Representative,1,Single,5159,23113,3,Y,No,17,3,3,80,1,9,3,3,9,7,2,0
23,No,Travel_Rarely,643,Research & Development,4,3,Medical,1,1407,1,Male,72,3,1,Laboratory Technician,3,Single,2459,26286,4,Y,No,14,3,4,80,1,0,2,3,0,0,0,0
50,No,Non-Travel,661,Research & Development,7,4,Life Sciences,1,1408,3,Female,57,2,5,Healthcare Representative,3,Single,19246,9091,2,Y,No,21,4,2,80,1,31,2,2,16,0,0,0
33,No,Travel_Rarely,280,Research & Development,1,2,Medical,1,1409,1,Male,66,2,1,Research Scientist,3,Single,2114,12846,2,Y,Yes,17,3,4,80,1,2,5,3,2,0,0,0
34,No,Non-Travel,1219,Research & Development,20,5,Life Sciences,1,1410,3,Male,59,1,2,Laboratory Technician,2,Married,5306,13132,4,Y,No,18,3,1,80,0,13,3,4,1,1,1,0
49,No,Travel_Rarely,668,Research & Development,4,3,Life Sciences,1,1411,1,Male,91,2,5,Research Scientist,3,Divorced,18836,11331,1,Y,No,13,3,2,80,2,28,0,3,7,1,0,7
42,No,Non-Travel,849,Research & Development,1,3,Other,1,1412,4,Male,58,3,4,Research Scientist,4,Divorced,14550,6927,1,Y,Yes,12,3,2,80,0,22,4,2,3,1,0,0
41,No,Travel_Rarely,1052,Sales,11,3,Life Sciences,1,1413,4,Male,31,3,4,Sales Executive,1,Divorced,14503,17128,1,Y,No,19,3,4,80,1,22,6,3,13,2,2,9
56,No,Non-Travel,403,Sales,1,2,Life Sciences,1,1414,2,Male,86,2,5,Sales Executive,3,Married,18393,5028,0,Y,Yes,22,4,4,80,1,30,5,4,4,4,4,4
31,No,Travel_Rarely,687,Sales,1,2,Medical,1,1415,3,Female,86,3,2,Sales Executive,4,Divorced,5076,14665,7,Y,No,22,4,4,80,0,10,4,3,8,2,0,1
45,No,Travel_Frequently,1247,Research & Development,6,1,Medical,1,1416,1,Male,71,4,4,Research Scientist,3,Divorced,15372,2465,1,Y,Yes,17,3,3,80,0,26,3,3,2,2,0,2
37,No,Non-Travel,158,Research & Development,8,1,Life Sciences,1,1417,4,Male,78,2,3,Laboratory Technician,3,Divorced,9961,17480,5,Y,No,11,3,3,80,0,18,2,2,1,1,1,1
39,No,Travel_Rarely,1125,Sales,6,3,Life Sciences,1,1418,3,Male,86,2,3,Sales Executive,3,Married,9984,9092,3,Y,No,20,4,4,80,0,20,3,3,3,3,3,2
50,No,Travel_Rarely,1264,Research & Development,8,4,Life Sciences,1,1419,1,Male,47,4,5,Research Director,4,Single,18644,16558,2,Y,No,20,4,3,80,2,29,3,3,7,7,1,0
41,No,Travel_Rarely,1324,Research & Development,1,3,Medical,1,1420,2,Male,99,2,3,Research Director,1,Divorced,10435,19881,2,Y,No,19,3,4,80,2,20,2,3,8,1,0,2
41,No,Non-Travel,822,Sales,5,1,Life Sciences,1,1421,1,Female,56,3,4,Sales Executive,3,Single,15034,23080,4,Y,No,15,3,2,80,0,21,2,3,6,4,2,5
46,Yes,Travel_Rarely,1486,Sales,3,4,Medical,1,1422,3,Male,83,2,4,Sales Executive,1,Single,15570,22424,1,Y,Yes,12,3,2,80,0,27,2,2,27,8,3,6
33,Yes,Travel_Rarely,511,Research & Development,29,3,Medical,1,1423,3,Female,53,4,2,Research Scientist,1,Divorced,5101,18351,3,Y,Yes,17,3,4,80,2,13,3,3,9,3,0,1
29,No,Travel_Rarely,747,Research & Development,1,4,Technical Degree,1,1424,3,Male,63,4,2,Manager,2,Married,5425,15500,1,Y,No,19,3,1,80,0,9,2,2,9,6,2,0
27,Yes,Travel_Rarely,1368,Sales,2,3,Life Sciences,1,1425,2,Male,51,3,2,Sales Executive,1,Single,5071,23151,1,Y,Yes,23,4,4,80,3,8,3,3,0,0,0,0
18,Yes,Travel_Frequently,1215,Research & Development,22,2,Life Sciences,1,1426,1,Male,92,3,1,Research Scientist,4,Single,3036,12806,5,Y,No,13,3,3,80,0,0,5,4,0,0,0,0
55,No,Travel_Rarely,163,Sales,29,3,Medical,1,1427,2,Male,65,3,5,Sales Executive,4,Divorced,19095,19485,1,Y,No,14,3,4,80,1,36,2,3,2,0,2,2
26,Yes,Travel_Rarely,1337,Sales,13,3,Marketing,1,1428,1,Female,90,2,1,Sales Executive,2,Married,3288,2761,1,Y,No,19,3,2,80,0,2,6,3,1,1,1,0
34,No,Non-Travel,349,Sales,1,1,Life Sciences,1,1429,4,Female,71,3,2,Sales Executive,3,Single,4708,18419,4,Y,No,25,4,4,80,0,12,3,3,5,5,2,5
34,No,Travel_Rarely,598,Research & Development,6,1,Medical,1,1430,1,Female,62,4,1,Healthcare Representative,3,Single,1738,3540,5,Y,Yes,12,3,3,80,0,2,1,3,2,2,1,2
39,No,Travel_Rarely,157,Research & Development,4,2,Life Sciences,1,1431,3,Male,38,3,3,Research Scientist,4,Divorced,9215,17984,1,Y,No,14,3,3,80,1,20,1,3,6,5,0,1
44,No,Travel_Rarely,560,Sales,13,2,Life Sciences,1,1432,2,Male,54,3,3,Sales Executive,3,Single,10441,22444,2,Y,No,15,3,3,80,0,20,2,3,10,0,2,0
44,No,Travel_Rarely,1020,Research & Development,1,3,Medical,1,1433,2,Male,42,2,4,Research Scientist,1,Divorced,15207,6462,3,Y,No,25,4,4,80,1,23,2,3,23,0,3,2
31,No,Travel_Rarely,1414,Sales,1,3,Life Sciences,1,1434,3,Female,76,3,2,Sales Executive,4,Divorced,5255,7411,3,Y,No,14,3,3,80,0,11,4,3,11,8,8,1
35,No,Travel_Frequently,658,Research & Development,5,2,Technical Degree,1,1435,3,Male,74,3,3,Research Director,4,Married,9167,25724,6,Y,Yes,17,3,2,80,1,16,3,3,0,0,0,0
39,No,Travel_Rarely,1065,Research & Development,1,3,Medical,1,1436,3,Female,34,3,3,Research Scientist,3,Married,9839,5123,4,Y,No,16,3,4,80,1,17,4,2,3,1,0,3
34,No,Travel_Rarely,1206,Sales,9,3,Medical,1,1437,3,Male,60,3,2,Sales Representative,4,Married,4586,10326,1,Y,No,19,3,2,80,0,10,3,3,2,2,2,0
51,No,Travel_Rarely,545,Sales,13,2,Life Sciences,1,1438,3,Male,60,1,5,Sales Executive,4,Married,18574,15119,7,Y,No,21,4,2,80,0,32,2,4,1,1,1,1
41,No,Travel_Rarely,893,Sales,9,1,Medical,1,1439,2,Male,70,3,4,Sales Executive,3,Single,15058,24370,4,Y,Yes,23,4,1,80,1,22,2,3,6,4,6,6
43,No,Travel_Frequently,1412,Sales,4,1,Life Sciences,1,1440,3,Male,75,3,4,Manager,3,Divorced,15567,25668,2,Y,No,25,4,4,80,1,22,3,3,6,2,0,4
42,No,Travel_Rarely,1409,Research & Development,16,3,Technical Degree,1,1441,3,Female,81,4,3,Research Scientist,4,Divorced,10131,23282,1,Y,No,23,4,2,80,3,14,3,3,2,2,0,1
47,No,Travel_Rarely,592,Sales,1,2,Human Resources,1,1442,1,Male,34,3,4,Sales Representative,2,Married,15647,24857,5,Y,Yes,23,4,2,80,1,25,2,3,9,8,0,4
38,No,Travel_Rarely,696,Sales,2,3,Life Sciences,1,1443,3,Female,41,3,3,Sales Executive,2,Married,8847,26795,3,Y,No,14,3,4,80,0,19,5,3,10,0,4,5
25,Yes,Travel_Rarely,509,Research & Development,5,3,Life Sciences,1,1444,1,Male,50,2,1,Healthcare Representative,1,Single,2796,19255,2,Y,No,21,4,4,80,0,5,3,3,0,0,0,0
40,No,Travel_Rarely,428,Research & Development,1,3,Life Sciences,1,1445,1,Female,38,4,3,Research Scientist,4,Single,9681,11121,6,Y,No,25,4,1,80,0,20,4,3,3,2,1,1
30,No,Travel_Rarely,1043,Research & Development,1,2,Medical,1,1446,3,Male,46,3,2,Laboratory Technician,4,Married,4280,6583,1,Y,No,19,3,4,80,0,7,3,2,7,7,0,0
32,Yes,Travel_Rarely,1050,Research & Development,4,3,Medical,1,1447,4,Female,53,3,2,Healthcare Representative,1,Divorced,5209,15209,6,Y,Yes,11,3,4,80,0,10,2,3,5,2,0,5
42,No,Travel_Frequently,1301,Sales,23,3,Technical Degree,1,1448,4,Female,56,3,4,Manager,4,Divorced,15149,8364,0,Y,No,22,4,1,80,0,21,3,3,3,2,2,3
48,No,Travel_Rarely,484,Research & Development,19,4,Marketing,1,1449,1,Female,37,3,5,Research Director,4,Married,19406,25759,3,Y,No,16,3,4,80,0,29,2,3,2,2,1,2
37,No,Travel_Frequently,1115,Research & Development,5,4,Medical,1,1450,3,Male,73,1,2,Healthcare Representative,4,Divorced,5248,16325,2,Y,No,17,3,3,80,0,12,3,2,2,2,2,0
39,Yes,Travel_Frequently,1383,Research & Development,1,3,Medical,1,1451,3,Female,91,2,3,Research Director,1,Married,9470,11122,4,Y,No,19,3,3,80,0,18,2,1,0,0,0,0
52,No,Travel_Rarely,448,Research & Development,1,3,Medical,1,1452,1,Male,58,3,4,Research Scientist,3,Single,15855,10810,4,Y,No,11,3,3,80,0,25,2,4,13,10,1,6
39,Yes,Travel_Rarely,373,Research & Development,3,3,Medical,1,1453,4,Male,53,3,3,Research Scientist,4,Single,8467,11537,2,Y,Yes,21,4,3,80,0,18,2,2,0,0,0,0
60,No,Travel_Rarely,1386,Research & Development,1,4,Medical,1,1454,4,Male,63,3,5,Research Scientist,3,Married,19061,9782,1,Y,No,22,4,1,80,1,37,2,3,2,2,2,0
42,No,Travel_Rarely,497,Sales,1,1,Medical,1,1455,4,Male,89,3,3,Sales Executive,3,Divorced,8742,6335,4,Y,No,22,4,4,80,0,19,1,3,0,0,0,0
20,Yes,Travel_Frequently,255,Research & Development,8,5,Medical,1,1456,1,Female,60,3,1,Laboratory Technician,4,Married,2252,25808,4,Y,No,23,4,1,80,0,0,4,3,0,0,0,0
43,No,Travel_Rarely,1192,Research & Development,6,3,Medical,1,1457,2,Male,33,3,3,Laboratory Technician,2,Single,10114,11020,8,Y,No,11,3,3,80,0,16,3,2,0,0,0,0
40,No,Travel_Rarely,942,Research & Development,2,3,Medical,1,1458,4,Male,38,3,4,Research Scientist,4,Married,14535,25349,6,Y,No,12,3,1,80,1,21,2,3,2,1,1,2
48,No,Travel_Rarely,449,Sales,12,1,Medical,1,1459,3,Female,83,3,4,Sales Executive,1,Married,14445,16305,4,Y,No,16,3,4,80,2,26,3,3,6,1,0,4
43,No,Travel_Rarely,1188,Research & Development,11,3,Medical,1,1460,4,Male,30,2,3,Research Scientist,2,Married,11229,18646,1,Y,Yes,13,3,2,80,0,16,3,3,4,4,4,3
35,No,Travel_Rarely,457,Sales,5,3,Medical,1,1461,1,Female,90,4,3,Sales Executive,1,Single,8984,15943,1,Y,No,21,4,3,80,1,15,0,3,2,2,0,2
25,Yes,Travel_Frequently,1406,Sales,1,1,Medical,1,1462,3,Male,60,3,1,Sales Executive,2,Single,3790,11434,0,Y,No,25,4,3,80,1,4,3,3,2,2,0,2
35,No,Travel_Rarely,1166,Sales,20,2,Medical,1,1463,3,Male,74,3,3,Sales Representative,2,Married,9696,10585,2,Y,No,24,4,4,80,1,14,3,2,12,0,6,0
29,No,Travel_Rarely,468,Research & Development,8,4,Life Sciences,1,1464,1,Male,89,2,2,Healthcare Representative,4,Single,4885,13607,2,Y,No,16,3,3,80,2,7,4,3,7,2,2,1
31,No,Travel_Rarely,1116,Sales,2,3,Life Sciences,1,1465,3,Female,71,3,2,Sales Executive,3,Single,5540,7127,2,Y,No,12,3,4,80,2,7,3,3,3,3,1,3
42,No,Travel_Rarely,378,Research & Development,7,3,Medical,1,1466,3,Female,56,3,4,Research Scientist,3,Single,16101,2615,3,Y,No,23,4,1,80,0,21,2,4,0,0,0,0
52,No,Travel_Rarely,322,Sales,4,1,Medical,1,1467,1,Female,87,1,5,Sales Executive,3,Single,18412,15350,5,Y,No,20,4,2,80,0,29,2,3,0,0,0,0
40,No,Travel_Rarely,162,Research & Development,8,4,Other,1,1468,2,Male,98,3,4,Research Scientist,1,Divorced,14993,13870,2,Y,No,16,3,3,80,1,21,3,3,11,1,0,4
25,No,Travel_Rarely,1228,Research & Development,5,4,Life Sciences,1,1469,3,Male,63,3,1,Laboratory Technician,1,Single,3308,14887,2,Y,No,17,3,4,80,3,6,1,2,6,2,0,1
40,No,Travel_Frequently,1310,Research & Development,5,3,Life Sciences,1,1470,3,Male,39,3,3,Laboratory Technician,3,Married,9972,26971,0,Y,No,16,3,1,80,1,20,4,3,11,11,0,3
